"Tanggal","Terakhir","Pembukaan","Tertinggi","Terendah","Vol.","Perubahan%"
"19/06/2026","2.375.081","2.384.456","2.406.920","2.366.255","","-1,28%"
"18/06/2026","2.405.868","2.463.564","2.485.295","2.384.501","","-2,24%"
"17/06/2026","2.461.096","2.470.307","2.502.679","2.420.565","","-0,34%"
"16/06/2026","2.469.471","2.454.917","2.480.651","2.451.005","","0,38%"
"15/06/2026","2.460.245","2.460.102","2.484.886","2.446.347","","0,02%"
"14/06/2026","2.459.675","2.423.914","2.467.121","2.416.386","","1,99%"
"12/06/2026","2.411.706","2.430.104","2.435.797","2.391.388","","-0,85%"
"11/06/2026","2.432.337","2.336.347","2.449.900","2.326.285","","4,41%"
"10/06/2026","2.329.676","2.441.813","2.441.813","2.323.790","","-4,52%"
"09/06/2026","2.439.960","2.525.174","2.537.718","2.436.434","","-3,34%"
"08/06/2026","2.524.170","2.518.971","2.537.846","2.495.007","","0,33%"
"07/06/2026","2.515.911","2.507.103","2.516.956","2.497.178","","-0,08%"
"05/06/2026","2.517.832","2.589.978","2.600.145","2.501.249","","-2,79%"
"04/06/2026","2.590.215","2.583.272","2.616.171","2.569.140","","0,32%"
"03/06/2026","2.581.828","2.572.195","2.586.529","2.557.370","","0,47%"
"02/06/2026","2.569.714","2.576.650","2.603.833","2.558.647","","-0,29%"
"01/06/2026","2.577.078","2.607.528","2.616.399","2.551.314","","-1,20%"
"31/05/2026","2.608.332","2.608.690","2.611.334","2.597.246","","0,23%"
"29/05/2026","2.602.339","2.577.543","2.628.976","2.567.340","","0,89%"
"28/05/2026","2.579.416","2.547.662","2.582.893","2.496.195","","1,30%"
"27/05/2026","2.546.215","2.593.628","2.597.455","2.526.492","","-1,81%"
"26/05/2026","2.593.162","2.603.078","2.603.078","2.564.105","","-0,49%"
"25/05/2026","2.605.889","2.597.963","2.613.634","2.592.981","","0,38%"
"24/05/2026","2.596.018","2.565.324","2.605.673","2.563.396","","1,15%"
"22/05/2026","2.566.484","2.580.883","2.582.133","2.556.606","","-0,55%"
"21/05/2026","2.580.699","2.572.326","2.594.028","2.555.783","","-0,03%"
"20/05/2026","2.581.529","2.566.377","2.584.678","2.531.428","","0,58%"
"19/05/2026","2.566.586","2.596.948","2.611.262","2.548.282","","-1,58%"
"18/05/2026","2.607.870","2.544.910","2.610.030","2.528.240","","2,42%"
"17/05/2026","2.546.307","2.549.078","2.568.675","2.544.247","","-0,83%"
"15/05/2026","2.567.614","2.623.066","2.631.891","2.542.205","","-2,32%"
"14/05/2026","2.628.685","2.644.542","2.656.534","2.619.784","","-0,42%"
"13/05/2026","2.639.773","2.652.425","2.667.181","2.621.869","","-0,87%"
"12/05/2026","2.662.826","2.665.469","2.669.296","2.614.493","","-0,14%"
"11/05/2026","2.666.565","2.615.442","2.666.861","2.603.301","","1,86%"
"10/05/2026","2.617.958","2.633.012","2.633.012","2.611.988","","-0,64%"
"08/05/2026","2.634.907","2.616.405","2.648.628","2.610.558","","0,72%"
"07/05/2026","2.616.111","2.620.226","2.649.562","2.604.626","","-0,12%"
"06/05/2026","2.619.221","2.568.703","2.630.009","2.568.442","","1,95%"
"05/05/2026","2.569.224","2.522.711","2.569.572","2.521.061","","1,84%"
"04/05/2026","2.522.885","2.567.591","2.577.360","2.515.280","","-1,83%"
"03/05/2026","2.570.017","2.568.138","2.577.120","2.568.034","","-0,01%"
"01/05/2026","2.570.363","2.572.997","2.591.877","2.542.812","","-0,13%"
"30/04/2026","2.573.810","2.533.489","2.590.763","2.530.967","","1,61%"
"29/04/2026","2.533.023","2.546.038","2.565.245","2.510.239","","-0,42%"
"28/04/2026","2.543.628","2.593.196","2.600.925","2.521.718","","-1,88%"
"27/04/2026","2.592.475","2.590.502","2.619.623","2.580.257","","0,03%"
"26/04/2026","2.591.587","2.603.744","2.607.773","2.588.263","","-0,62%"
"24/04/2026","2.607.773","2.607.757","2.627.339","2.587.953","","0,06%"
"23/04/2026","2.606.203","2.609.131","2.634.660","2.592.581","","-0,15%"
"22/04/2026","2.610.075","2.609.577","2.634.911","2.607.723","","0,10%"
"21/04/2026","2.607.592","2.657.134","2.659.927","2.575.069","","-1,80%"
"20/04/2026","2.655.456","2.618.452","2.661.621","2.617.304","","1,36%"
"19/04/2026","2.619.823","2.669.681","2.669.681","2.610.791","","-1,47%"
"17/04/2026","2.658.962","2.636.622","2.687.107","2.628.694","","0,78%"
"16/04/2026","2.638.334","2.660.191","2.665.661","2.633.300","","-0,68%"
"15/04/2026","2.656.354","2.660.654","2.680.567","2.638.130","","-0,20%"
"14/04/2026","2.661.749","2.612.471","2.668.303","2.612.471","","1,78%"
"13/04/2026","2.615.326","2.562.594","2.624.784","2.562.594","","2,01%"
"12/04/2026","2.563.772","2.609.532","2.609.532","2.549.874","","-1,75%"
"10/04/2026","2.609.425","2.612.048","2.633.439","2.601.392","","-0,13%"
"09/04/2026","2.612.901","2.571.336","2.635.305","2.565.088","","1,51%"
"08/04/2026","2.574.052","2.651.321","2.658.707","2.568.653","","-2,86%"
"07/04/2026","2.649.956","2.545.981","2.651.168","2.528.978","","3,92%"
"06/04/2026","2.549.948","2.513.240","2.574.864","2.510.458","","1,39%"
"05/04/2026","2.514.937","2.553.211","2.553.211","2.512.256","","-1,50%"
"03/04/2026","2.553.226","2.551.596","2.559.564","2.548.524","","-0,03%"
"02/04/2026","2.553.956","2.600.860","2.610.624","2.494.816","","-1,88%"
"01/04/2026","2.602.823","2.564.768","2.611.622","2.553.488","","1,68%"
"31/03/2026","2.559.850","2.463.226","2.559.850","2.449.149","","3,95%"
"30/03/2026","2.462.462","2.420.061","2.504.463","2.413.360","","1,51%"
"29/03/2026","2.425.897","2.450.857","2.460.983","2.424.167","","-1,08%"
"27/03/2026","2.452.389","2.394.245","2.484.916","2.378.379","","2,46%"
"26/03/2026","2.393.403","2.442.984","2.462.045","2.367.230","","-1,88%"
"25/03/2026","2.439.206","2.478.808","2.503.191","2.435.967","","-1,43%"
"24/03/2026","2.474.507","2.414.159","2.476.302","2.345.923","","2,62%"
"23/03/2026","2.411.218","2.437.598","2.448.139","2.241.812","","-1,10%"
"22/03/2026","2.438.116","2.453.737","2.470.818","2.431.714","","-0,49%"
"20/03/2026","2.450.125","2.523.500","2.578.172","2.445.582","","-2,87%"
"19/03/2026","2.522.486","2.636.578","2.656.884","2.468.501","","-4,34%"
"18/03/2026","2.636.968","2.728.896","2.737.643","2.621.689","","-3,32%"
"17/03/2026","2.727.491","2.733.079","2.752.848","2.714.041","","-0,14%"
"16/03/2026","2.731.401","2.721.322","2.752.599","2.716.138","","0,51%"
"15/03/2026","2.717.567","2.734.040","2.738.715","2.705.726","","-0,66%"
"13/03/2026","2.735.492","2.768.398","2.790.162","2.724.976","","-1,23%"
"12/03/2026","2.769.445","2.779.795","2.820.571","2.749.094","","-0,49%"
"11/03/2026","2.782.999","2.813.057","2.830.714","2.781.616","","-1,04%"
"10/03/2026","2.812.384","2.789.929","2.834.433","2.783.857","","0,75%"
"09/03/2026","2.791.513","2.753.509","2.801.665","2.733.837","","1,27%"
"08/03/2026","2.756.466","2.810.854","2.810.854","2.745.482","","-2,19%"
"06/03/2026","2.818.170","2.756.698","2.820.000","2.755.719","","2,10%"
"05/03/2026","2.760.311","2.798.736","2.818.380","2.746.840","","-1,41%"
"04/03/2026","2.799.646","2.773.345","2.822.149","2.766.390","","0,91%"
"03/03/2026","2.774.457","2.892.339","2.917.207","2.732.652","","-4,31%"
"02/03/2026","2.899.532","2.900.940","2.938.708","2.863.755","","-0,14%"
"01/03/2026","2.903.505","2.845.582","2.905.064","2.845.158","","1,83%"
"27/02/2026","2.851.421","2.790.024","2.852.144","2.784.765","","2,14%"
"26/02/2026","2.791.799","2.786.700","2.804.476","2.770.017","","0,17%"
"25/02/2026","2.786.951","2.784.610","2.813.624","2.779.093","","0,13%"
"24/02/2026","2.783.382","2.833.087","2.833.861","2.757.617","","-1,55%"
"23/02/2026","2.827.293","2.793.494","2.841.285","2.764.587","","0,92%"
"22/02/2026","2.801.538","2.769.343","2.802.685","2.767.422","","1,18%"
"20/02/2026","2.768.998","2.705.641","2.769.015","2.705.506","","2,40%"
"19/02/2026","2.704.056","2.697.011","2.731.059","2.690.519","","0,14%"
"18/02/2026","2.700.403","2.626.260","2.721.404","2.626.126","","2,85%"
"17/02/2026","2.625.621","2.698.390","2.698.390","2.624.377","","-2,67%"
"16/02/2026","2.697.767","2.713.758","2.721.194","2.688.771","","-0,66%"
"15/02/2026","2.715.743","2.728.505","2.728.505","2.712.648","","-0,48%"
"13/02/2026","2.728.959","2.657.669","2.730.900","2.657.669","","2,70%"
"12/02/2026","2.657.098","2.729.703","2.749.083","2.641.734","","-2,69%"
"11/02/2026","2.730.609","2.718.420","2.760.070","2.711.093","","0,48%"
"10/02/2026","2.717.598","2.717.010","2.734.969","2.697.476","","0,03%"
"09/02/2026","2.716.884","2.727.336","2.744.678","2.694.153","","-0,41%"
"08/02/2026","2.728.010","2.692.868","2.734.188","2.691.000","","1,36%"
"06/02/2026","2.691.352","2.542.793","2.691.775","2.518.978","","5,73%"
"05/02/2026","2.545.605","2.703.425","2.712.298","2.545.605","","-5,80%"
"04/02/2026","2.702.301","2.667.497","2.746.267","2.624.993","","1,38%"
"03/02/2026","2.665.637","2.578.587","2.689.119","2.559.694","","3,56%"
"02/02/2026","2.573.907","2.557.727","2.631.496","2.384.702","","0,62%"
"01/02/2026","2.557.945","2.640.499","2.640.499","2.539.713","","-3,06%"
"30/01/2026","2.638.690","2.927.698","2.935.919","2.530.110","","-9,90%"
"29/01/2026","2.928.535","2.961.971","3.017.232","2.763.486","","-1,31%"
"28/01/2026","2.967.408","2.776.972","3.005.113","2.768.262","","6,82%"
"27/01/2026","2.778.074","2.714.787","2.796.637","2.702.260","","2,21%"
"26/01/2026","2.717.952","2.723.583","2.755.377","2.689.802","","-0,18%"
"25/01/2026","2.722.877","2.696.672","2.722.877","2.695.598","","1,20%"
"23/01/2026","2.690.578","2.691.942","2.697.267","2.650.030","","-0,03%"
"22/01/2026","2.691.486","2.598.881","2.692.043","2.595.299","","3,49%"
"21/01/2026","2.600.826","2.602.232","2.665.349","2.586.998","","-0,08%"
"20/01/2026","2.602.978","2.540.064","2.604.266","2.536.965","","2,48%"
"19/01/2026","2.540.081","2.533.617","2.554.927","2.527.457","","0,18%"
"18/01/2026","2.535.541","2.495.198","2.545.971","2.493.957","","1,67%"
"16/01/2026","2.493.957","2.501.450","2.511.626","2.467.994","","-0,30%"
"15/01/2026","2.501.568","2.500.743","2.512.497","2.484.459","","0,00%"
"14/01/2026","2.501.586","2.491.459","2.517.890","2.491.459","","0,43%"
"13/01/2026","2.490.953","2.488.501","2.509.235","2.475.582","","0,15%"
"12/01/2026","2.487.138","2.450.210","2.512.641","2.450.210","","1,46%"
"11/01/2026","2.451.285","2.435.597","2.453.384","2.434.626","","0,39%"
"09/01/2026","2.441.787","2.415.225","2.445.701","2.403.391","","1,11%"
"08/01/2026","2.414.990","2.407.297","2.422.538","2.380.159","","0,31%"
"07/01/2026","2.407.498","2.418.254","2.418.856","2.383.326","","-0,43%"
"06/01/2026","2.418.003","2.388.603","2.423.379","2.384.655","","1,21%"
"05/01/2026","2.389.105","2.350.397","2.399.169","2.350.397","","1,64%"
"04/01/2026","2.350.475","2.328.895","2.351.294","2.327.962","","1,03%"
"02/01/2026","2.326.458","2.329.900","2.365.958","2.316.212","","-0,17%"
"01/01/2026","2.330.434","2.310.786","2.331.334","2.310.786","","0,85%"
"31/12/2025","2.310.786","2.337.703","2.355.242","2.298.571","","-1,13%"
"30/12/2025","2.337.116","2.342.232","2.372.614","2.331.318","","-0,32%"
"29/12/2025","2.344.664","2.435.559","2.438.594","2.324.192","","-3,80%"
"28/12/2025","2.437.351","2.442.695","2.446.142","2.436.999","","-0,17%"
"26/12/2025","2.441.470","2.420.403","2.449.240","2.419.683","","0,89%"
"25/12/2025","2.420.051","2.411.745","2.422.630","2.411.745","","0,34%"
"24/12/2025","2.411.745","2.428.229","2.439.431","2.394.467","","-0,67%"
"23/12/2025","2.428.095","2.403.403","2.431.382","2.393.542","","1,04%"
"22/12/2025","2.403.035","2.345.791","2.404.064","2.344.536","","2,52%"
"21/12/2025","2.344.002","2.335.398","2.344.337","2.334.463","","0,41%"
"19/12/2025","2.334.463","2.327.666","2.342.629","2.314.404","","0,29%"
"18/12/2025","2.327.699","2.326.523","2.347.976","2.313.740","","0,04%"
"17/12/2025","2.326.723","2.308.125","2.333.424","2.308.125","","0,81%"
"16/12/2025","2.308.108","2.304.883","2.321.765","2.291.341","","0,17%"
"15/12/2025","2.304.301","2.301.212","2.331.286","2.297.871","","0,13%"
"14/12/2025","2.301.379","2.300.447","2.304.690","2.299.521","","0,08%"
"12/12/2025","2.299.590","2.290.472","2.329.736","2.281.101","","0,43%"
"11/12/2025","2.289.806","2.266.874","2.294.447","2.254.612","","1,01%"
"10/12/2025","2.266.841","2.255.434","2.268.823","2.242.444","","0,50%"
"09/12/2025","2.255.467","2.249.576","2.263.025","2.236.932","","0,25%"
"08/12/2025","2.249.910","2.246.577","2.264.762","2.241.201","","0,12%"
"07/12/2025","2.247.109","2.246.001","2.248.498","2.242.893","","-0,25%"
"05/12/2025","2.252.750","2.249.598","2.285.147","2.243.766","","0,14%"
"04/12/2025","2.249.698","2.247.062","2.258.688","2.236.863","","0,11%"
"03/12/2025","2.247.295","2.248.279","2.266.176","2.239.890","","-0,10%"
"02/12/2025","2.249.442","2.258.856","2.260.987","2.227.273","","-0,45%"
"01/12/2025","2.259.604","2.257.555","2.280.982","2.254.400","","0,07%"
"30/11/2025","2.258.004","2.270.310","2.270.310","2.250.122","","-0,50%"
"28/11/2025","2.269.356","2.224.774","2.269.356","2.222.519","","2,00%"
"27/11/2025","2.224.841","2.228.927","2.230.125","2.216.132","","-0,19%"
"26/11/2025","2.229.076","2.210.051","2.233.780","2.210.051","","0,87%"
"25/11/2025","2.209.901","2.220.511","2.225.750","2.195.604","","-0,47%"
"24/11/2025","2.220.277","2.186.182","2.220.411","2.168.204","","1,58%"
"23/11/2025","2.185.648","2.181.873","2.186.449","2.180.343","","0,31%"
"21/11/2025","2.178.945","2.192.940","2.203.753","2.162.307","","-0,62%"
"20/11/2025","2.192.488","2.201.766","2.207.844","2.175.224","","-0,39%"
"19/11/2025","2.201.132","2.190.772","2.221.770","2.178.146","","0,38%"
"18/11/2025","2.192.712","2.168.765","2.197.810","2.153.892","","1,05%"
"17/11/2025","2.169.902","2.197.150","2.202.594","2.159.168","","-1,29%"
"16/11/2025","2.198.335","2.192.607","2.203.091","2.188.506","","0,30%"
"14/11/2025","2.191.727","2.248.374","2.262.386","2.168.580","","-2,52%"
"13/11/2025","2.248.457","2.249.320","2.279.928","2.228.986","","-0,06%"
"12/11/2025","2.249.821","2.221.483","2.266.110","2.205.100","","1,29%"
"11/11/2025","2.221.149","2.203.856","2.227.966","2.200.876","","0,75%"
"10/11/2025","2.204.572","2.151.103","2.212.252","2.151.103","","2,51%"
"09/11/2025","2.150.636","2.146.261","2.150.819","2.145.399","","0,20%"
"07/11/2025","2.146.389","2.139.716","2.160.432","2.138.180","","0,27%"
"06/11/2025","2.140.617","2.132.139","2.156.890","2.129.250","","0,34%"
"05/11/2025","2.133.408","2.111.636","2.143.551","2.110.134","","0,99%"
"04/11/2025","2.112.588","2.141.184","2.150.724","2.110.701","","-1,32%"
"03/11/2025","2.140.900","2.128.108","2.165.130","2.119.327","","0,62%"
"02/11/2025","2.127.809","2.140.082","2.140.082","2.127.276","","-0,62%"
"31/10/2025","2.141.111","2.158.683","2.160.526","2.126.850","","-0,90%"
"30/10/2025","2.160.646","2.105.827","2.163.157","2.096.898","","2,61%"
"29/10/2025","2.105.605","2.113.933","2.150.821","2.090.004","","-0,45%"
"28/10/2025","2.115.061","2.134.118","2.145.790","2.075.412","","-0,92%"
"27/10/2025","2.134.600","2.167.119","2.184.730","2.122.794","","-1,59%"
"26/10/2025","2.169.059","2.194.340","2.194.340","2.166.356","","-1,23%"
"24/10/2025","2.196.006","2.200.837","2.214.166","2.159.510","","-0,20%"
"23/10/2025","2.200.447","2.177.242","2.219.199","2.165.764","","1,05%"
"22/10/2025","2.177.690","2.176.807","2.222.350","2.135.769","","-0,22%"
"21/10/2025","2.182.461","2.320.822","2.326.634","2.182.461","","-5,99%"
"20/10/2025","2.321.550","2.258.789","2.330.125","2.249.441","","2,73%"
"19/10/2025","2.259.850","2.266.188","2.273.771","2.256.369","","-0,23%"
"17/10/2025","2.265.122","2.324.806","2.334.168","2.232.785","","-2,59%"
"16/10/2025","2.325.369","2.241.047","2.331.878","2.240.120","","3,78%"
"15/10/2025","2.240.650","2.215.228","2.251.010","2.213.737","","1,07%"
"14/10/2025","2.216.885","2.196.676","2.226.346","2.182.231","","0,90%"
"13/10/2025","2.197.123","2.154.200","2.199.192","2.141.951","","2,31%"
"12/10/2025","2.147.611","2.137.615","2.160.211","2.133.146","","0,14%"
"10/10/2025","2.144.667","2.121.367","2.149.236","2.107.562","","1,06%"
"09/10/2025","2.122.211","2.135.091","2.161.833","2.102.473","","-0,66%"
"08/10/2025","2.136.365","2.123.633","2.166.580","2.118.788","","0,62%"
"07/10/2025","2.123.153","2.111.633","2.128.861","2.096.419","","0,58%"
"06/10/2025","2.110.938","2.078.086","2.120.604","2.073.109","","1,58%"
"05/10/2025","2.078.185","2.066.329","2.082.718","2.065.505","","0,61%"
"03/10/2025","2.065.505","2.058.052","2.075.126","2.050.671","","0,36%"
"02/10/2025","2.058.118","2.062.623","2.082.568","2.040.418","","-0,50%"
"01/10/2025","2.068.387","2.069.876","2.082.200","2.060.199","","-0,06%"
"30/09/2025","2.069.693","2.053.611","2.077.665","2.032.935","","0,75%"
"29/09/2025","2.054.278","2.024.118","2.054.811","2.017.970","","1,49%"
"28/09/2025","2.024.185","2.022.322","2.027.944","2.020.207","","0,40%"
"26/09/2025","2.016.037","2.016.350","2.032.608","2.012.299","","0,03%"
"25/09/2025","2.015.479","2.006.119","2.028.265","2.002.517","","0,44%"
"24/09/2025","2.006.670","2.015.105","2.027.208","1.993.463","","-0,44%"
"23/09/2025","2.015.522","1.998.952","2.029.475","1.997.175","","0,84%"
"22/09/2025","1.998.786","1.964.938","1.999.505","1.964.706","","1,72%"
"21/09/2025","1.964.938","1.965.384","1.974.511","1.963.629","","0,05%"
"19/09/2025","1.964.010","1.930.602","1.972.190","1.926.825","","1,75%"
"18/09/2025","1.930.256","1.937.796","1.956.157","1.929.167","","-0,39%"
"17/09/2025","1.937.763","1.949.697","1.955.683","1.928.683","","-0,62%"
"16/09/2025","1.949.910","1.938.783","1.954.303","1.933.941","","0,59%"
"15/09/2025","1.938.488","1.918.432","1.942.866","1.912.611","","1,06%"
"14/09/2025","1.918.203","1.918.428","1.921.827","1.917.727","","-0,14%"
"12/09/2025","1.920.876","1.922.133","1.929.556","1.914.822","","-0,06%"
"11/09/2025","1.922.100","1.928.521","1.930.695","1.914.002","","-0,33%"
"10/09/2025","1.928.406","1.921.451","1.937.984","1.915.135","","0,35%"
"09/09/2025","1.921.747","1.905.102","1.938.788","1.903.750","","0,91%"
"08/09/2025","1.904.418","1.890.486","1.910.219","1.882.480","","0,65%"
"07/09/2025","1.892.059","1.893.489","1.894.386","1.889.568","","0,18%"
"05/09/2025","1.888.726","1.875.152","1.896.548","1.870.968","","0,77%"
"04/09/2025","1.874.299","1.879.263","1.885.501","1.858.344","","-0,18%"
"03/09/2025","1.877.640","1.861.285","1.893.493","1.860.367","","0,89%"
"02/09/2025","1.861.105","1.835.018","1.871.729","1.831.994","","1,43%"
"01/09/2025","1.834.952","1.825.526","1.848.567","1.818.573","","0,49%"
"31/08/2025","1.826.020","1.827.686","1.828.409","1.823.714","","0,36%"
"29/08/2025","1.819.506","1.792.668","1.826.959","1.789.304","","1,49%"
"28/08/2025","1.792.880","1.790.579","1.800.045","1.779.279","","0,13%"
"27/08/2025","1.790.563","1.775.365","1.792.507","1.772.026","","0,85%"
"26/08/2025","1.775.544","1.751.288","1.779.410","1.751.288","","1,34%"
"25/08/2025","1.752.100","1.762.090","1.764.601","1.750.427","","-0,55%"
"24/08/2025","1.761.846","1.771.305","1.771.305","1.757.363","","0,12%"
"22/08/2025","1.759.760","1.746.651","1.767.495","1.745.138","","0,75%"
"21/08/2025","1.746.716","1.748.649","1.760.579","1.740.679","","-0,13%"
"20/08/2025","1.748.909","1.729.796","1.755.271","1.728.205","","1,13%"
"19/08/2025","1.729.406","1.729.294","1.748.046","1.728.741","","0,01%"
"18/08/2025","1.729.198","1.728.099","1.748.137","1.728.099","","0,11%"
"17/08/2025","1.727.211","1.733.160","1.733.160","1.725.580","","-0,61%"
"15/08/2025","1.737.772","1.727.111","1.740.468","1.725.855","","0,63%"
"14/08/2025","1.726.886","1.749.976","1.755.575","1.725.324","","-1,30%"
"13/08/2025","1.749.587","1.752.949","1.753.144","1.734.734","","-0,20%"
"12/08/2025","1.753.128","1.750.260","1.759.487","1.742.071","","0,14%"
"11/08/2025","1.750.699","1.773.484","1.773.598","1.747.236","","-1,32%"
"10/08/2025","1.774.167","1.779.666","1.779.666","1.773.581","","-0,18%"
"08/08/2025","1.777.372","1.780.021","1.782.767","1.766.263","","-0,30%"
"07/08/2025","1.782.649","1.770.837","1.784.051","1.766.130","","0,62%"
"06/08/2025","1.771.654","1.780.418","1.783.332","1.766.100","","-0,50%"
"05/08/2025","1.780.631","1.778.459","1.784.989","1.762.986","","0,12%"
"04/08/2025","1.778.509","1.782.388","1.782.388","1.765.975","","-0,21%"
"03/08/2025","1.782.305","1.782.998","1.783.493","1.779.090","","0,71%"
"01/08/2025","1.769.806","1.738.166","1.775.545","1.737.804","","1,80%"
"31/07/2025","1.738.511","1.730.552","1.757.198","1.729.242","","0,48%"
"30/07/2025","1.730.192","1.753.916","1.758.757","1.723.460","","-1,35%"
"29/07/2025","1.753.949","1.746.755","1.758.206","1.737.614","","0,86%"
"28/07/2025","1.739.051","1.747.800","1.757.715","1.733.597","","-0,48%"
"27/07/2025","1.747.393","1.750.534","1.753.236","1.742.339","","-0,45%"
"25/07/2025","1.755.341","1.762.973","1.769.527","1.742.958","","-0,68%"
"24/07/2025","1.767.296","1.774.324","1.775.529","1.755.451","","-0,39%"
"23/07/2025","1.774.243","1.796.290","1.799.876","1.770.635","","-1,22%"
"22/07/2025","1.796.160","1.781.052","1.798.768","1.773.559","","0,85%"
"21/07/2025","1.780.987","1.752.608","1.785.032","1.752.608","","1,61%"
"20/07/2025","1.752.836","1.754.498","1.756.860","1.750.883","","-0,02%"
"18/07/2025","1.753.260","1.752.647","1.761.185","1.746.965","","0,03%"
"17/07/2025","1.752.745","1.749.187","1.755.377","1.738.696","","0,20%"
"16/07/2025","1.749.301","1.741.316","1.768.625","1.737.383","","0,45%"
"15/07/2025","1.741.462","1.746.270","1.762.870","1.736.185","","-0,47%"
"14/07/2025","1.749.634","1.754.733","1.765.306","1.743.965","","-0,26%"
"13/07/2025","1.754.233","1.748.962","1.758.299","1.747.721","","0,18%"
"11/07/2025","1.751.055","1.732.073","1.755.658","1.732.073","","1,10%"
"10/07/2025","1.731.976","1.732.360","1.738.159","1.727.210","","0,04%"
"09/07/2025","1.731.231","1.719.394","1.733.270","1.713.961","","0,72%"
"08/07/2025","1.718.940","1.739.256","1.751.059","1.715.556","","-1,84%"
"07/07/2025","1.751.086","1.731.317","1.755.648","1.720.301","","1,16%"
"06/07/2025","1.731.010","1.736.683","1.737.400","1.730.039","","-0,27%"
"04/07/2025","1.735.717","1.731.688","1.741.614","1.729.166","","0,24%"
"03/07/2025","1.731.591","1.744.567","1.753.620","1.724.654","","-0,89%"
"02/07/2025","1.747.205","1.736.619","1.755.772","1.732.328","","0,59%"
"01/07/2025","1.736.959","1.722.894","1.750.193","1.721.222","","0,83%"
"30/06/2025","1.722.603","1.699.190","1.723.606","1.698.736","","1,43%"
"29/06/2025","1.698.380","1.705.795","1.706.858","1.691.144","","-0,66%"
"27/06/2025","1.709.585","1.728.468","1.731.732","1.695.644","","-1,05%"
"26/06/2025","1.727.642","1.748.099","1.748.099","1.724.999","","-1,18%"
"25/06/2025","1.748.262","1.743.805","1.752.851","1.734.225","","0,05%"
"24/06/2025","1.747.357","1.767.930","1.771.267","1.728.526","","-1,13%"
"23/06/2025","1.767.256","1.775.379","1.798.252","1.767.256","","-0,47%"
"22/06/2025","1.775.542","1.774.594","1.785.167","1.773.348","","-0,14%"
"20/06/2025","1.778.027","1.774.290","1.780.331","1.760.495","","0,21%"
"19/06/2025","1.774.290","1.773.553","1.780.835","1.766.403","","0,05%"
"18/06/2025","1.773.428","1.771.586","1.786.856","1.762.090","","-0,36%"
"17/06/2025","1.779.862","1.782.629","1.784.558","1.764.395","","0,01%"
"16/06/2025","1.779.755","1.804.685","1.809.316","1.768.056","","-1,42%"
"15/06/2025","1.805.467","1.798.561","1.809.022","1.798.561","","0,45%"
"13/06/2025","1.797.457","1.770.440","1.807.777","1.770.440","","1,63%"
"12/06/2025","1.768.656","1.757.628","1.771.238","1.744.349","","0,65%"
"11/06/2025","1.757.303","1.739.643","1.761.120","1.733.994","","1,02%"
"10/06/2025","1.739.627","1.739.092","1.751.232","1.728.201","","0,01%"
"09/06/2025","1.739.515","1.736.022","1.747.033","1.724.646","","0,19%"
"08/06/2025","1.736.233","1.732.034","1.739.286","1.732.034","","0,24%"
"06/06/2025","1.732.034","1.756.495","1.764.563","1.731.888","","-1,38%"
"05/06/2025","1.756.268","1.769.756","1.779.538","1.746.632","","-0,73%"
"04/06/2025","1.769.127","1.758.346","1.773.663","1.751.957","","0,57%"
"03/06/2025","1.759.095","1.769.243","1.771.440","1.748.905","","-0,88%"
"02/06/2025","1.774.662","1.731.418","1.774.662","1.727.742","","2,51%"
"01/06/2025","1.731.190","1.722.863","1.739.414","1.720.325","","0,00%"
"30/05/2025","1.731.187","1.735.581","1.737.232","1.716.421","","-0,36%"
"29/05/2025","1.737.467","1.707.311","1.743.011","1.698.743","","1,77%"
"28/05/2025","1.707.278","1.730.618","1.742.746","1.702.471","","-1,31%"
"27/05/2025","1.729.984","1.744.568","1.747.769","1.719.789","","-0,89%"
"26/05/2025","1.745.476","1.742.275","1.748.273","1.735.979","","0,23%"
"25/05/2025","1.741.529","1.750.809","1.750.809","1.741.108","","-0,46%"
"23/05/2025","1.749.567","1.731.703","1.759.560","1.725.194","","1,06%"
"22/05/2025","1.731.262","1.749.485","1.758.627","1.722.875","","-1,01%"
"21/05/2025","1.748.928","1.734.955","1.753.014","1.728.816","","0,77%"
"20/05/2025","1.735.644","1.701.734","1.742.304","1.690.291","","2,04%"
"19/05/2025","1.700.979","1.708.981","1.718.219","1.697.342","","-0,44%"
"18/05/2025","1.708.422","1.693.254","1.720.258","1.692.060","","0,56%"
"16/05/2025","1.698.847","1.718.227","1.721.958","1.670.325","","-1,15%"
"15/05/2025","1.718.657","1.693.097","1.725.904","1.661.260","","1,48%"
"14/05/2025","1.693.543","1.728.080","1.733.545","1.685.557","","-1,97%"
"13/05/2025","1.727.601","1.737.778","1.746.322","1.710.459","","-0,57%"
"12/05/2025","1.737.577","1.744.655","1.744.655","1.699.926","","-1,53%"
"09/05/2025","1.764.524","1.765.072","1.777.318","1.741.792","","0,42%"
"08/05/2025","1.757.186","1.790.977","1.816.841","1.745.154","","-1,93%"
"07/05/2025","1.791.758","1.796.832","1.806.874","1.777.316","","-0,33%"
"06/05/2025","1.797.682","1.760.362","1.814.822","1.756.124","","2,09%"
"05/05/2025","1.760.887","1.714.448","1.762.818","1.712.165","","2,90%"
"02/05/2025","1.711.311","1.725.573","1.732.580","1.702.574","","-0,81%"
"01/05/2025","1.725.291","1.745.235","1.747.557","1.707.012","","-1,17%"
"30/04/2025","1.745.782","1.785.888","1.791.532","1.742.269","","-2,25%"
"29/04/2025","1.785.938","1.806.400","1.806.804","1.774.528","","-1,14%"
"28/04/2025","1.806.619","1.786.839","1.814.649","1.771.700","","0,74%"
"25/04/2025","1.793.350","1.814.173","1.821.316","1.769.346","","-1,13%"
"24/04/2025","1.813.819","1.795.750","1.825.797","1.788.237","","0,97%"
"23/04/2025","1.796.361","1.807.069","1.834.716","1.767.283","","-0,54%"
"22/04/2025","1.806.109","1.853.054","1.895.569","1.797.872","","-2,60%"
"21/04/2025","1.854.380","1.809.367","1.858.998","1.809.367","","3,12%"
"18/04/2025","1.798.256","1.799.240","1.799.240","1.798.256","","-0,05%"
"17/04/2025","1.799.240","1.809.885","1.816.555","1.781.944","","-0,65%"
"16/04/2025","1.811.055","1.760.120","1.814.451","1.758.230","","3,11%"
"15/04/2025","1.756.348","1.733.207","1.756.348","1.730.777","","1,28%"
"14/04/2025","1.734.070","1.739.757","1.751.581","1.723.636","","-0,86%"
"11/04/2025","1.749.126","1.721.488","1.755.150","1.720.245","","1,25%"
"10/04/2025","1.727.518","1.670.031","1.727.518","1.666.766","","3,43%"
"09/04/2025","1.670.200","1.613.872","1.677.981","1.612.389","","3,46%"
"08/04/2025","1.614.327","1.606.442","1.637.399","1.606.442","","0,52%"
"07/04/2025","1.605.906","1.617.768","1.642.785","1.592.858","","-1,43%"
"04/04/2025","1.629.125","1.671.920","1.679.953","1.617.217","","-2,59%"
"03/04/2025","1.672.371","1.691.392","1.704.150","1.641.400","","-1,79%"
"02/04/2025","1.702.934","1.676.177","1.702.934","1.668.467","","2,01%"
"01/04/2025","1.669.417","1.660.391","1.690.318","1.660.391","","0,57%"
"31/03/2025","1.659.994","1.643.127","1.674.095","1.637.369","","1,14%"
"28/03/2025","1.641.241","1.626.247","1.646.640","1.626.247","","0,83%"
"27/03/2025","1.627.713","1.610.515","1.632.646","1.610.415","","0,72%"
"26/03/2025","1.616.047","1.611.337","1.618.112","1.607.232","","0,31%"
"25/03/2025","1.611.022","1.601.092","1.616.984","1.601.092","","0,61%"
"24/03/2025","1.601.324","1.604.337","1.615.702","1.597.551","","-0,26%"
"21/03/2025","1.605.456","1.616.120","1.616.120","1.590.323","","-0,64%"
"20/03/2025","1.615.724","1.619.387","1.622.723","1.605.084","","-0,22%"
"19/03/2025","1.619.354","1.600.846","1.620.722","1.598.842","","1,15%"
"18/03/2025","1.601.011","1.580.474","1.615.113","1.580.474","","1,30%"
"17/03/2025","1.580.540","1.570.879","1.582.210","1.569.522","","0,83%"
"14/03/2025","1.567.519","1.575.131","1.579.984","1.564.546","","-0,49%"
"13/03/2025","1.575.295","1.553.461","1.576.591","1.548.551","","1,42%"
"12/03/2025","1.553.230","1.536.488","1.554.546","1.534.357","","1,08%"
"11/03/2025","1.536.652","1.514.771","1.539.980","826.966","","1,45%"
"10/03/2025","1.514.668","1.525.004","1.533.231","1.513.480","","-0,48%"
"07/03/2025","1.521.897","1.527.098","1.532.881","1.519.424","","-0,34%"
"06/03/2025","1.527.147","1.528.809","1.535.378","1.517.173","","-0,02%"
"05/03/2025","1.527.438","1.538.376","1.541.390","1.520.326","","-0,52%"
"04/03/2025","1.535.476","1.530.182","1.546.615","1.522.698","","0,37%"
"03/03/2025","1.529.848","1.527.653","1.532.855","1.514.557","","0,73%"
"28/02/2025","1.518.703","1.521.604","1.533.482","1.507.339","","-0,21%"
"27/02/2025","1.521.834","1.535.353","1.538.308","1.516.024","","-0,89%"
"26/02/2025","1.535.549","1.532.638","1.540.323","1.520.957","","0,20%"
"25/02/2025","1.532.540","1.543.010","1.548.182","1.518.019","","-0,81%"
"24/02/2025","1.545.074","1.538.448","1.547.875","1.530.985","","0,40%"
"21/02/2025","1.538.853","1.542.149","1.545.899","1.528.992","","-0,20%"
"20/02/2025","1.541.905","1.540.819","1.551.596","1.533.302","","0,11%"
"19/02/2025","1.540.232","1.534.136","1.550.520","1.531.501","","0,39%"
"18/02/2025","1.534.282","1.510.477","1.541.301","1.507.074","","1,57%"
"17/02/2025","1.510.510","1.500.481","1.516.584","1.499.886","","0,56%"
"14/02/2025","1.502.037","1.530.081","1.535.776","1.496.747","","-1,94%"
"13/02/2025","1.531.753","1.527.730","1.538.486","1.523.449","","0,24%"
"12/02/2025","1.528.139","1.524.784","1.530.165","1.507.140","","0,20%"
"11/02/2025","1.525.078","1.531.821","1.550.237","1.517.070","","-0,47%"
"10/02/2025","1.532.311","1.503.485","1.534.140","1.503.256","","2,04%"
"07/02/2025","1.501.654","1.499.910","1.513.469","1.496.470","","0,13%"
"06/02/2025","1.499.649","1.503.870","1.508.871","1.489.164","","-0,11%"
"05/02/2025","1.501.295","1.492.441","1.511.129","1.489.717","","0,61%"
"04/02/2025","1.492.163","1.483.891","1.493.764","1.476.091","","0,56%"
"03/02/2025","1.483.859","1.463.209","1.494.089","1.454.511","","1,25%"
"31/01/2025","1.465.571","1.460.542","1.477.193","1.460.006","","0,33%"
"30/01/2025","1.460.737","1.437.657","1.463.531","1.437.042","","1,61%"
"29/01/2025","1.437.657","1.441.125","1.445.022","1.430.124","","-0,23%"
"28/01/2025","1.440.971","1.426.684","1.445.959","1.419.525","","0,98%"
"27/01/2025","1.427.057","1.435.366","1.441.325","1.418.359","","-0,96%"
"24/01/2025","1.440.930","1.438.417","1.446.458","1.436.409","","0,19%"
"23/01/2025","1.438.167","1.441.923","1.442.918","1.428.750","","-0,13%"
"22/01/2025","1.440.065","1.440.467","1.447.728","1.434.526","","-0,15%"
"21/01/2025","1.442.299","1.420.033","1.442.348","1.416.937","","1,56%"
"20/01/2025","1.420.077","1.417.358","1.428.626","1.412.211","","-0,08%"
"17/01/2025","1.421.168","1.426.326","1.433.532","1.419.713","","-0,73%"
"16/01/2025","1.431.599","1.421.658","1.434.600","1.411.271","","0,69%"
"15/01/2025","1.421.740","1.402.519","1.423.688","1.395.110","","1,67%"
"14/01/2025","1.398.329","1.400.418","1.403.846","1.391.957","","-0,16%"
"13/01/2025","1.400.597","1.399.797","1.411.143","1.389.287","","-0,59%"
"10/01/2025","1.408.841","1.395.584","1.410.940","1.388.500","","0,95%"
"09/01/2025","1.395.519","1.390.851","1.395.731","1.385.011","","0,34%"
"08/01/2025","1.390.857","1.381.891","1.393.435","1.376.164","","0,63%"
"07/01/2025","1.382.102","1.372.976","1.383.933","1.368.405","","0,76%"
"06/01/2025","1.371.678","1.374.301","1.378.060","1.359.687","","-0,08%"
"03/01/2025","1.372.752","1.391.380","1.392.605","1.371.572","","-1,30%"
"02/01/2025","1.390.903","1.356.394","1.391.398","1.356.394","","2,50%"
"01/01/2025","1.357.006","1.357.613","1.372.375","1.356.073","","-0,04%"
"31/12/2024","1.357.613","1.357.088","1.373.975","1.350.113","","0,03%"
"30/12/2024","1.357.210","1.369.228","1.370.851","1.351.717","","-0,54%"
"27/12/2024","1.364.551","1.370.732","1.380.258","1.359.523","","-0,46%"
"26/12/2024","1.370.866","1.363.425","1.374.878","1.363.425","","0,57%"
"25/12/2024","1.363.059","1.360.593","1.363.829","1.360.593","","0,18%"
"24/12/2024","1.360.593","1.364.819","1.366.447","1.354.957","","-0,33%"
"23/12/2024","1.365.046","1.365.980","1.370.367","1.358.862","","0,01%"
"20/12/2024","1.364.887","1.358.998","1.372.356","1.355.963","","0,42%"
"19/12/2024","1.359.180","1.351.836","1.376.743","1.350.373","","0,55%"
"18/12/2024","1.351.787","1.361.565","1.373.078","1.337.626","","-0,74%"
"17/12/2024","1.361.815","1.365.524","1.373.743","1.361.566","","-0,26%"
"16/12/2024","1.365.432","1.363.023","1.372.363","1.362.448","","0,02%"
"13/12/2024","1.365.189","1.376.259","1.385.995","1.363.858","","-0,84%"
"12/12/2024","1.376.695","1.396.386","1.397.846","1.372.822","","-1,42%"
"11/12/2024","1.396.526","1.379.314","1.396.690","1.368.303","","1,25%"
"10/12/2024","1.379.345","1.357.000","1.380.985","1.355.311","","1,60%"
"09/12/2024","1.357.590","1.345.892","1.364.432","1.339.133","","1,08%"
"06/12/2024","1.343.036","1.343.111","1.347.823","1.331.355","","-0,04%"
"05/12/2024","1.343.537","1.356.404","1.356.404","1.336.223","","-0,95%"
"04/12/2024","1.356.427","1.357.872","1.359.472","1.348.293","","-0,11%"
"03/12/2024","1.357.865","1.354.013","1.360.134","1.348.707","","0,30%"
"02/12/2024","1.353.742","1.347.228","1.355.759","1.335.728","","0,20%"
"29/11/2024","1.351.090","1.347.734","1.359.613","1.344.295","","0,25%"
"28/11/2024","1.347.703","1.346.721","1.352.028","1.336.944","","0,01%"
"27/11/2024","1.347.635","1.349.479","1.356.041","1.341.706","","-0,12%"
"26/11/2024","1.349.192","1.335.631","1.349.833","1.332.593","","1,06%"
"25/11/2024","1.335.022","1.394.208","1.394.208","1.332.440","","-4,05%"
"22/11/2024","1.391.390","1.364.244","1.391.390","1.364.244","","1,99%"
"21/11/2024","1.364.249","1.359.291","1.368.868","1.356.755","","0,38%"
"20/11/2024","1.359.067","1.343.059","1.359.418","1.336.732","","1,20%"
"19/11/2024","1.343.006","1.330.477","1.355.002","1.243.354","","0,93%"
"18/11/2024","1.330.572","1.314.169","1.332.191","1.310.574","","1,55%"
"15/11/2024","1.310.306","1.319.002","1.319.918","1.305.740","","-0,66%"
"14/11/2024","1.319.018","1.312.024","1.320.142","1.298.256","","0,55%"
"13/11/2024","1.311.823","1.322.224","1.326.172","1.117.565","","-0,81%"
"12/11/2024","1.322.477","1.330.447","1.331.914","1.315.410","","-0,60%"
"11/11/2024","1.330.510","1.351.984","1.352.901","1.323.200","","-1,31%"
"08/11/2024","1.348.226","1.354.702","1.362.954","1.345.995","","-0,47%"
"07/11/2024","1.354.556","1.355.473","1.356.299","1.342.589","","-0,08%"
"06/11/2024","1.355.670","1.387.164","1.400.123","1.349.123","","-2,30%"
"05/11/2024","1.387.635","1.389.753","1.393.470","1.382.522","","-0,16%"
"04/11/2024","1.389.915","1.395.656","1.396.744","1.384.248","","-0,22%"
"01/11/2024","1.393.006","1.388.445","1.400.799","1.385.620","","0,31%"
"31/10/2024","1.388.652","1.406.399","1.407.931","1.381.856","","-1,25%"
"30/10/2024","1.406.298","1.407.317","1.410.355","1.397.608","","-0,07%"
"29/10/2024","1.407.312","1.389.846","1.407.451","1.387.361","","1,26%"
"28/10/2024","1.389.793","1.380.306","1.389.793","1.370.299","","0,22%"
"25/10/2024","1.386.769","1.374.373","1.386.769","1.353.834","","0,91%"
"24/10/2024","1.374.277","1.370.351","1.375.604","1.363.591","","0,23%"
"23/10/2024","1.371.069","1.376.831","1.385.578","1.364.450","","-0,43%"
"22/10/2024","1.377.025","1.361.405","1.378.052","1.360.031","","1,13%"
"21/10/2024","1.361.700","1.355.081","1.366.447","1.352.661","","0,55%"
"18/10/2024","1.354.286","1.344.589","1.354.534","1.342.398","","0,72%"
"17/10/2024","1.344.574","1.339.884","1.347.350","1.333.989","","0,36%"
"16/10/2024","1.339.740","1.332.868","1.343.108","1.329.481","","0,49%"
"15/10/2024","1.333.244","1.326.995","1.336.024","1.320.634","","0,46%"
"14/10/2024","1.327.146","1.325.529","1.335.469","1.324.140","","-0,22%"
"11/10/2024","1.330.101","1.328.662","1.333.655","1.319.370","","0,15%"
"10/10/2024","1.328.083","1.317.155","1.328.700","1.312.379","","0,83%"
"09/10/2024","1.317.178","1.322.938","1.323.309","1.310.331","","-0,43%"
"08/10/2024","1.322.890","1.338.497","1.339.402","1.311.315","","-1,17%"
"07/10/2024","1.338.583","1.335.303","1.347.272","1.330.377","","0,14%"
"04/10/2024","1.336.755","1.322.373","1.343.709","1.318.538","","1,09%"
"03/10/2024","1.322.373","1.309.479","1.324.101","1.307.308","","1,02%"
"02/10/2024","1.309.037","1.306.749","1.311.378","1.298.348","","0,15%"
"01/10/2024","1.307.089","1.288.335","1.311.724","1.286.046","","1,45%"
"30/09/2024","1.288.365","1.295.229","1.296.409","1.282.391","","-0,34%"
"27/09/2024","1.292.741","1.300.434","1.301.770","1.154.047","","-0,59%"
"26/09/2024","1.300.389","1.299.780","1.306.246","1.291.207","","0,02%"
"25/09/2024","1.300.100","1.293.640","1.301.424","1.287.928","","0,48%"
"24/09/2024","1.293.852","1.282.719","1.296.254","1.279.954","","0,83%"
"23/09/2024","1.283.205","1.277.284","1.288.084","1.275.359","","0,39%"
"20/09/2024","1.278.222","1.264.320","1.279.857","1.252.245","","1,08%"
"19/09/2024","1.264.530","1.260.647","1.268.255","1.256.647","","0,31%"
"18/09/2024","1.260.647","1.270.578","1.272.288","1.253.611","","-0,77%"
"17/09/2024","1.270.439","1.278.612","1.279.067","1.264.190","","-0,64%"
"16/09/2024","1.278.643","1.277.030","1.280.935","1.273.095","","0,06%"
"13/09/2024","1.277.907","1.269.858","1.280.741","1.267.127","","0,64%"
"12/09/2024","1.269.837","1.246.692","1.270.193","1.244.953","","1,80%"
"11/09/2024","1.247.376","1.254.361","1.255.052","1.240.215","","-0,55%"
"10/09/2024","1.254.336","1.247.800","1.254.434","1.241.144","","0,54%"
"09/09/2024","1.247.549","1.237.460","1.248.175","1.234.553","","0,51%"
"06/09/2024","1.241.208","1.248.449","1.250.986","1.235.440","","-0,58%"
"05/09/2024","1.248.408","1.240.427","1.250.578","1.235.711","","0,65%"
"04/09/2024","1.240.347","1.247.044","1.247.694","1.232.937","","-0,53%"
"03/09/2024","1.246.913","1.248.825","1.255.059","1.235.210","","-0,15%"
"02/09/2024","1.248.765","1.250.083","1.252.740","1.243.757","","-0,11%"
"30/08/2024","1.250.141","1.252.591","1.260.276","1.245.406","","-0,20%"
"29/08/2024","1.252.706","1.245.838","1.256.480","1.242.533","","0,57%"
"28/08/2024","1.245.622","1.256.897","1.258.857","1.238.077","","-0,91%"
"27/08/2024","1.257.010","1.252.167","1.258.521","1.247.062","","0,36%"
"26/08/2024","1.252.445","1.245.834","1.256.483","1.237.892","","0,68%"
"23/08/2024","1.243.970","1.259.608","1.261.939","1.145.583","","-1,24%"
"22/08/2024","1.259.622","1.253.182","1.265.806","1.244.392","","0,54%"
"21/08/2024","1.252.898","1.248.233","1.254.727","1.244.595","","0,36%"
"20/08/2024","1.248.390","1.250.046","1.258.817","1.241.592","","-0,14%"
"19/08/2024","1.250.115","1.264.300","1.264.520","1.245.431","","-1,13%"
"16/08/2024","1.264.465","1.246.146","1.264.695","1.233.882","","1,47%"
"15/08/2024","1.246.162","1.231.350","1.247.490","1.228.510","","1,22%"
"14/08/2024","1.231.099","1.248.395","1.249.039","1.221.628","","-1,37%"
"13/08/2024","1.248.222","1.270.968","1.271.251","1.244.667","","-1,77%"
"12/08/2024","1.270.651","1.243.201","1.270.714","1.242.516","","1,99%"
"09/08/2024","1.245.902","1.246.176","1.248.911","1.236.865","","-0,03%"
"08/08/2024","1.246.235","1.229.084","1.247.863","1.222.854","","1,39%"
"07/08/2024","1.229.092","1.240.094","1.241.461","1.227.022","","-0,85%"
"06/08/2024","1.239.678","1.254.474","1.259.840","1.237.449","","-1,16%"
"05/08/2024","1.254.182","1.256.889","1.275.457","1.232.353","","-1,16%"
"02/08/2024","1.268.908","1.280.481","1.289.000","1.255.052","","-0,94%"
"01/08/2024","1.280.937","1.278.391","1.285.872","1.270.737","","0,16%"
"31/07/2024","1.278.844","1.265.804","1.280.551","1.258.778","","1,05%"
"30/07/2024","1.265.560","1.248.966","1.266.596","1.245.972","","1,35%"
"29/07/2024","1.248.707","1.255.770","1.257.735","1.242.240","","-0,08%"
"26/07/2024","1.249.671","1.241.466","1.251.687","1.236.352","","0,66%"
"25/07/2024","1.241.417","1.253.444","1.253.727","1.234.374","","-0,96%"
"24/07/2024","1.253.464","1.256.924","1.268.424","1.250.188","","-0,25%"
"23/07/2024","1.256.664","1.250.089","1.257.551","1.244.481","","0,52%"
"22/07/2024","1.250.136","1.257.010","1.257.380","1.243.260","","-0,11%"
"19/07/2024","1.251.492","1.269.893","1.269.924","1.247.047","","-1,54%"
"18/07/2024","1.271.026","1.278.568","1.285.843","1.270.421","","-0,59%"
"17/07/2024","1.278.529","1.283.645","1.288.723","1.272.453","","-0,44%"
"16/07/2024","1.284.165","1.261.786","1.284.724","1.259.750","","1,76%"
"15/07/2024","1.261.910","1.247.752","1.267.374","1.246.818","","1,04%"
"12/07/2024","1.248.957","1.251.135","1.252.701","1.238.677","","-0,17%"
"11/07/2024","1.251.070","1.236.074","1.253.493","1.235.581","","1,14%"
"10/07/2024","1.237.026","1.238.367","1.244.680","1.234.883","","-0,10%"
"09/07/2024","1.238.279","1.237.723","1.240.189","1.230.754","","0,09%"
"08/07/2024","1.237.202","1.246.686","1.250.481","1.230.628","","-1,01%"
"05/07/2024","1.249.821","1.237.973","1.250.778","1.232.037","","0,96%"
"04/07/2024","1.237.908","1.239.511","1.240.998","1.234.814","","-0,14%"
"03/07/2024","1.239.658","1.228.921","1.241.705","1.226.268","","0,90%"
"02/07/2024","1.228.587","1.229.625","1.230.159","1.221.648","","-0,06%"
"01/07/2024","1.229.363","1.222.114","1.229.396","1.219.059","","0,50%"
"28/06/2024","1.223.215","1.226.567","1.229.231","1.221.199","","-0,28%"
"27/06/2024","1.226.629","1.214.333","1.227.025","1.212.275","","0,96%"
"26/06/2024","1.214.909","1.224.099","1.227.407","1.211.814","","-0,74%"
"25/06/2024","1.224.004","1.228.819","1.231.742","1.221.337","","-0,41%"
"24/06/2024","1.229.016","1.226.792","1.231.989","1.223.654","","-0,05%"
"21/06/2024","1.229.682","1.252.662","1.253.826","1.227.008","","-1,75%"
"20/06/2024","1.251.634","1.227.463","1.254.386","1.225.329","","1,90%"
"19/06/2024","1.228.243","1.226.177","1.229.506","1.223.341","","0,19%"
"18/06/2024","1.225.899","1.230.746","1.231.163","1.216.687","","-0,35%"
"17/06/2024","1.230.202","1.233.602","1.233.602","1.224.265","","-0,51%"
"14/06/2024","1.236.497","1.206.177","1.237.322","1.205.716","","2,54%"
"13/06/2024","1.205.851","1.211.407","1.213.956","1.201.965","","-0,47%"
"12/06/2024","1.211.543","1.214.462","1.220.079","1.208.302","","-0,23%"
"11/06/2024","1.214.380","1.212.030","1.215.409","1.204.009","","0,19%"
"10/06/2024","1.212.109","1.203.098","1.212.959","1.198.377","","0,95%"
"07/06/2024","1.200.741","1.241.486","1.244.988","1.197.154","","-3,30%"
"06/06/2024","1.241.665","1.236.065","1.242.930","1.230.908","","0,46%"
"05/06/2024","1.235.918","1.219.305","1.237.149","1.216.146","","1,37%"
"04/06/2024","1.219.205","1.225.217","1.226.875","1.213.104","","-0,48%"
"03/06/2024","1.225.087","1.215.240","1.227.650","1.207.435","","0,73%"
"31/05/2024","1.216.236","1.223.154","1.231.862","1.213.556","","-0,59%"
"30/05/2024","1.223.427","1.221.582","1.225.807","1.214.029","","0,05%"
"29/05/2024","1.222.783","1.223.294","1.226.921","1.216.867","","-0,05%"
"28/05/2024","1.223.439","1.216.275","1.224.360","1.211.040","","0,61%"
"27/05/2024","1.216.001","1.205.414","1.218.719","1.204.431","","0,99%"
"24/05/2024","1.204.041","1.207.075","1.211.412","1.201.956","","-0,21%"
"23/05/2024","1.206.621","1.229.101","1.229.521","1.203.536","","-1,83%"
"22/05/2024","1.229.069","1.246.674","1.247.661","1.224.939","","-1,41%"
"21/05/2024","1.246.654","1.250.991","1.254.414","1.239.783","","-0,37%"
"20/05/2024","1.251.344","1.241.585","1.258.255","1.239.913","","1,01%"
"17/05/2024","1.238.820","1.218.899","1.242.586","1.217.703","","1,65%"
"16/05/2024","1.218.717","1.224.481","1.227.104","1.214.001","","-0,46%"
"15/05/2024","1.224.293","1.219.983","1.224.615","1.208.468","","0,36%"
"14/05/2024","1.219.935","1.212.471","1.222.081","1.209.639","","0,61%"
"13/05/2024","1.212.503","1.217.687","1.220.369","1.209.126","","-0,51%"
"10/05/2024","1.218.750","1.209.130","1.225.908","1.209.130","","0,72%"
"09/05/2024","1.210.010","1.193.148","1.210.713","1.191.625","","1,41%"
"08/05/2024","1.193.184","1.196.855","1.200.178","1.189.399","","-0,30%"
"07/05/2024","1.196.818","1.199.877","1.202.075","1.193.155","","-0,25%"
"06/05/2024","1.199.781","1.186.517","1.201.662","1.183.164","","1,52%"
"03/05/2024","1.181.797","1.192.432","1.194.382","1.033.294","","-0,92%"
"02/05/2024","1.192.750","1.211.529","1.213.733","1.188.656","","-1,53%"
"01/05/2024","1.211.302","1.199.616","1.211.302","1.193.219","","1,05%"
"30/04/2024","1.198.769","1.219.345","1.220.716","1.195.182","","-1,70%"
"29/04/2024","1.219.540","1.217.452","1.224.236","1.212.287","","-0,11%"
"26/04/2024","1.220.877","1.213.587","1.228.830","1.211.291","","0,62%"
"25/04/2024","1.213.334","1.208.478","1.222.387","1.202.682","","0,50%"
"24/04/2024","1.207.305","1.206.894","1.217.892","1.200.969","","0,02%"
"23/04/2024","1.207.056","1.219.558","1.219.662","1.196.084","","-1,03%"
"22/04/2024","1.219.652","1.243.943","1.244.820","1.213.817","","-2,20%"
"19/04/2024","1.247.099","1.241.561","1.266.303","1.237.166","","0,53%"
"18/04/2024","1.240.514","1.238.292","1.245.796","1.229.987","","0,26%"
"17/04/2024","1.237.243","1.251.581","1.252.501","1.228.554","","-1,17%"
"16/04/2024","1.251.848","1.233.741","1.257.239","1.230.068","","1,43%"
"15/04/2024","1.234.207","1.225.398","1.237.082","1.203.135","","1,58%"
"12/04/2024","1.215.013","1.224.582","1.260.202","1.209.918","","-0,82%"
"11/04/2024","1.225.051","1.201.002","1.225.618","1.196.741","","1,96%"
"10/04/2024","1.201.496","1.203.691","1.206.877","1.186.720","","-0,18%"
"09/04/2024","1.203.713","1.197.544","1.208.219","1.193.419","","0,52%"
"08/04/2024","1.197.537","1.180.288","1.200.516","1.176.602","","0,63%"
"05/04/2024","1.190.033","1.169.960","1.190.047","1.159.608","","1,70%"
"04/04/2024","1.170.103","1.177.173","1.180.254","1.165.269","","-0,64%"
"03/04/2024","1.177.624","1.170.689","1.179.963","1.161.036","","0,61%"
"02/04/2024","1.170.527","1.153.591","1.173.542","1.151.544","","1,45%"
"01/04/2024","1.153.782","1.144.636","1.158.800","1.141.716","","1,23%"
"29/03/2024","1.139.801","1.140.304","1.142.120","1.138.473","","-0,04%"
"28/03/2024","1.140.304","1.118.933","1.140.806","1.117.077","","1,91%"
"27/03/2024","1.118.885","1.109.696","1.122.509","1.106.975","","0,89%"
"26/03/2024","1.108.995","1.103.712","1.116.709","306.901","","0,47%"
"25/03/2024","1.103.806","1.102.437","1.106.351","1.099.542","","0,24%"
"22/03/2024","1.101.179","1.102.531","1.109.537","1.097.578","","-0,13%"
"21/03/2024","1.102.563","1.112.155","1.114.188","1.094.855","","-0,85%"
"20/03/2024","1.112.046","1.090.635","1.116.465","1.087.609","","1,97%"
"19/03/2024","1.090.560","1.095.114","1.095.540","1.086.036","","-0,34%"
"18/03/2024","1.094.324","1.084.798","1.095.136","1.080.100","","0,91%"
"15/03/2024","1.084.454","1.086.756","1.091.030","1.083.632","","-0,21%"
"14/03/2024","1.086.750","1.089.843","1.089.985","1.081.922","","-0,28%"
"13/03/2024","1.089.782","1.079.155","1.090.326","1.078.392","","0,98%"
"12/03/2024","1.079.171","1.090.103","1.090.477","1.075.643","","-0,99%"
"11/03/2024","1.089.969","1.090.378","1.096.994","1.080.729","","0,10%"
"08/03/2024","1.088.839","1.086.028","1.096.362","1.078.637","","0,22%"
"07/03/2024","1.086.497","1.082.390","1.087.910","1.079.316","","0,38%"
"06/03/2024","1.082.343","1.078.064","1.083.268","1.073.317","","0,38%"
"05/03/2024","1.078.292","1.072.212","1.083.886","1.068.494","","0,56%"
"04/03/2024","1.072.289","1.051.774","1.073.016","1.050.035","","1,96%"
"01/03/2024","1.051.681","1.032.577","1.054.669","1.030.469","","1,84%"
"29/02/2024","1.032.718","1.029.086","1.036.621","1.025.300","","0,35%"
"28/02/2024","1.029.083","1.022.066","1.029.720","1.021.709","","0,67%"
"27/02/2024","1.022.222","1.022.000","1.026.334","1.020.950","","0,06%"
"26/02/2024","1.021.610","1.019.670","1.024.960","1.017.789","","0,10%"
"23/02/2024","1.020.630","1.015.179","1.023.388","1.012.474","","0,53%"
"22/02/2024","1.015.270","1.019.774","1.021.172","1.012.421","","-0,45%"
"21/02/2024","1.019.878","1.019.578","1.023.049","1.016.854","","0,01%"
"20/02/2024","1.019.736","1.014.020","1.022.422","1.012.596","","0,56%"
"19/02/2024","1.014.041","1.013.794","1.016.714","1.012.535","","0,07%"
"16/02/2024","1.013.370","1.010.718","1.013.533","1.004.372","","0,33%"
"15/02/2024","1.010.076","1.002.086","1.011.312","996.467","","0,80%"
"14/02/2024","1.002.089","1.003.720","1.007.136","994.360","","-0,11%"
"13/02/2024","1.003.216","1.011.666","1.020.429","1.001.754","","-0,83%"
"12/02/2024","1.011.605","1.016.665","1.020.717","1.007.450","","-0,45%"
"09/02/2024","1.016.165","1.024.529","1.024.614","1.014.637","","-0,83%"
"08/02/2024","1.024.632","1.024.765","1.025.855","1.017.878","","-0,01%"
"07/02/2024","1.024.734","1.030.387","1.030.639","1.022.208","","-0,51%"
"06/02/2024","1.029.978","1.027.205","1.032.452","1.023.432","","0,28%"
"05/02/2024","1.027.086","1.031.196","1.031.639","1.021.172","","-0,44%"
"02/02/2024","1.031.589","1.039.416","1.040.756","1.025.073","","-0,75%"
"01/02/2024","1.039.361","1.034.637","1.044.355","1.028.147","","0,46%"
"31/01/2024","1.034.609","1.034.189","1.041.393","1.030.180","","0,06%"
"30/01/2024","1.033.990","1.034.184","1.038.192","1.030.655","","-0,02%"
"29/01/2024","1.034.152","1.025.454","1.036.569","1.024.176","","1,02%"
"26/01/2024","1.023.750","1.027.840","1.030.556","1.021.561","","-0,36%"
"25/01/2024","1.027.427","1.019.320","1.044.271","1.017.600","","0,80%"
"24/01/2024","1.019.264","1.025.788","1.027.893","1.015.598","","-0,66%"
"23/01/2024","1.026.077","1.018.011","1.026.864","1.016.573","","0,82%"
"22/01/2024","1.017.760","1.018.308","1.022.376","1.015.067","","-0,12%"
"19/01/2024","1.019.022","1.016.223","1.022.845","1.015.136","","0,26%"
"18/01/2024","1.016.364","1.010.115","1.016.677","1.008.182","","0,58%"
"17/01/2024","1.010.465","1.019.441","1.021.189","1.006.608","","-0,89%"
"16/01/2024","1.019.540","1.027.666","1.029.105","1.017.921","","-0,80%"
"15/01/2024","1.027.808","1.022.724","1.028.733","1.022.156","","0,35%"
"12/01/2024","1.024.202","1.018.287","1.029.761","1.015.471","","0,58%"
"11/01/2024","1.018.254","1.014.065","1.019.036","1.008.554","","0,41%"
"10/01/2024","1.014.109","1.014.854","1.020.907","1.010.546","","-0,08%"
"09/01/2024","1.014.951","1.012.451","1.019.830","1.012.318","","0,24%"
"08/01/2024","1.012.561","1.019.004","1.019.976","1.006.987","","-0,68%"
"05/01/2024","1.019.506","1.019.677","1.027.010","1.013.293","","-0,05%"
"04/01/2024","1.020.064","1.022.128","1.025.426","1.017.404","","-0,21%"
"03/01/2024","1.022.221","1.026.741","1.029.925","1.015.780","","-0,44%"
"02/01/2024","1.026.723","1.021.311","1.034.952","1.020.646","","0,54%"
"01/01/2024","1.021.222","1.020.702","1.022.465","1.020.646","","0,05%"
"29/12/2023","1.020.696","1.031.823","1.034.861","1.020.264","","-1,07%"
"28/12/2023","1.031.698","1.028.320","1.035.445","1.026.389","","0,34%"
"27/12/2023","1.028.232","1.023.641","1.031.229","1.020.625","","0,47%"
"26/12/2023","1.023.455","1.021.827","1.025.589","1.018.347","","0,16%"
"25/12/2023","1.021.834","1.020.905","1.023.482","1.020.905","","0,04%"
"22/12/2023","1.021.383","1.019.464","1.028.454","1.016.624","","0,20%"
"21/12/2023","1.019.340","1.019.665","1.020.694","1.011.015","","-0,03%"
"20/12/2023","1.019.634","1.014.675","1.020.526","1.011.674","","0,48%"
"19/12/2023","1.014.759","1.007.379","1.019.239","1.006.947","","0,73%"
"18/12/2023","1.007.410","1.007.108","1.013.073","1.005.228","","-0,10%"
"15/12/2023","1.008.412","1.013.090","1.023.121","1.007.374","","-0,45%"
"14/12/2023","1.012.956","1.004.112","1.018.665","1.002.751","","0,95%"
"13/12/2023","1.003.455","992.607","1.006.115","886.453","","1,06%"
"12/12/2023","992.933","998.068","999.394","990.148","","-0,51%"
"11/12/2023","997.991","1.004.919","1.006.981","994.639","","-0,57%"
"08/12/2023","1.003.709","1.011.106","1.014.919","914.325","","-0,72%"
"07/12/2023","1.010.948","1.011.187","1.018.965","1.008.110","","-0,01%"
"06/12/2023","1.011.001","1.003.751","1.014.332","1.003.751","","0,73%"
"05/12/2023","1.003.641","1.012.562","1.015.861","999.685","","-0,86%"
"04/12/2023","1.012.346","1.050.946","1.050.946","1.007.458","","-1,39%"
"01/12/2023","1.026.567","1.020.516","1.028.210","1.012.949","","0,59%"
"30/11/2023","1.020.548","1.016.252","1.063.628","1.012.067","","0,43%"
"29/11/2023","1.016.205","1.009.306","1.017.432","925.826","","0,72%"
"28/11/2023","1.008.953","1.004.972","1.013.001","934.852","","0,43%"
"27/11/2023","1.004.683","1.000.108","1.007.272","973.226","","0,48%"
"24/11/2023","999.930","1.002.329","1.002.830","989.526","","-0,24%"
"23/11/2023","1.002.335","1.001.937","1.002.923","991.579","","0,04%"
"22/11/2023","1.001.953","997.184","1.006.010","996.083","","0,46%"
"21/11/2023","997.365","975.786","997.982","975.602","","1,74%"
"20/11/2023","980.344","979.042","984.275","973.996","","-0,19%"
"17/11/2023","982.229","986.888","991.616","981.021","","-0,47%"
"16/11/2023","986.911","978.213","991.606","976.755","","0,90%"
"15/11/2023","978.116","975.293","985.024","974.381","","0,27%"
"14/11/2023","975.440","981.619","986.895","974.396","","-0,62%"
"13/11/2023","981.490","979.026","983.664","976.016","","0,44%"
"10/11/2023","977.146","989.982","990.642","975.385","","-1,27%"
"09/11/2023","989.699","979.968","990.032","978.004","","1,00%"
"08/11/2023","979.884","990.830","992.774","978.549","","-1,10%"
"07/11/2023","990.780","989.637","991.525","984.997","","0,08%"
"06/11/2023","989.971","996.299","1.001.134","986.757","","-1,08%"
"03/11/2023","1.000.757","1.011.838","1.012.119","997.448","","-1,08%"
"02/11/2023","1.011.675","1.015.438","1.015.662","1.008.280","","-0,36%"
"01/11/2023","1.015.299","1.010.786","1.020.262","1.008.248","","0,44%"
"31/10/2023","1.010.881","1.016.780","1.025.590","1.010.134","","-0,61%"
"30/10/2023","1.017.132","1.024.601","1.028.130","1.015.510","","-0,91%"
"27/10/2023","1.026.484","1.016.334","1.027.690","1.010.874","","1,01%"
"26/10/2023","1.016.174","1.014.964","1.018.971","1.009.290","","0,06%"
"25/10/2023","1.015.522","1.006.777","1.015.866","1.002.455","","0,89%"
"24/10/2023","1.006.540","1.009.490","1.010.236","997.891","","-0,29%"
"23/10/2023","1.009.490","1.006.135","1.016.229","1.002.035","","-0,19%"
"20/10/2023","1.011.396","1.008.415","1.019.399","1.004.763","","0,29%"
"19/10/2023","1.008.474","992.012","1.009.752","988.889","","1,67%"
"18/10/2023","991.883","973.673","994.493","973.368","","1,88%"
"17/10/2023","973.610","967.830","976.696","965.049","","0,60%"
"16/10/2023","967.805","970.856","971.481","964.042","","-0,82%"
"13/10/2023","975.806","947.122","975.847","946.280","","3,04%"
"12/10/2023","947.011","946.636","950.405","944.253","","0,04%"
"11/10/2023","946.608","940.425","947.420","937.896","","0,66%"
"10/10/2023","940.427","940.894","942.025","937.460","","-0,02%"
"09/10/2023","940.642","927.476","940.824","926.655","","2,02%"
"06/10/2023","921.980","915.723","923.035","912.983","","0,68%"
"05/10/2023","915.733","914.105","917.675","911.208","","0,18%"
"04/10/2023","914.105","916.049","920.104","911.694","","-0,25%"
"03/10/2023","916.377","911.977","919.742","908.530","","0,46%"
"02/10/2023","912.144","918.472","921.935","909.937","","-0,95%"
"29/09/2023","920.863","929.139","934.445","920.286","","-0,88%"
"28/09/2023","929.066","940.308","941.523","926.999","","-1,19%"
"27/09/2023","940.286","947.639","948.819","937.373","","-0,77%"
"26/09/2023","947.608","949.580","954.000","946.065","","-0,20%"
"25/09/2023","949.527","951.374","954.216","947.377","","-0,13%"
"22/09/2023","950.752","951.906","953.555","949.944","","-0,11%"
"21/09/2023","951.812","953.382","955.368","947.115","","-0,16%"
"20/09/2023","953.308","955.813","962.590","952.463","","-0,26%"
"19/09/2023","955.818","956.576","957.664","954.324","","-0,07%"
"18/09/2023","956.511","949.401","956.699","949.319","","0,67%"
"15/09/2023","950.170","945.775","953.874","944.717","","0,47%"
"14/09/2023","945.770","942.950","946.302","939.844","","0,30%"
"13/09/2023","942.903","944.587","946.226","940.896","","-0,18%"
"12/09/2023","944.584","948.604","948.959","942.708","","-0,41%"
"11/09/2023","948.477","945.447","952.847","945.286","","-0,06%"
"08/09/2023","949.035","947.655","952.281","947.089","","0,15%"
"07/09/2023","947.617","945.718","948.404","944.769","","0,15%"
"06/09/2023","946.189","949.013","949.340","944.009","","-0,29%"
"05/09/2023","948.978","948.956","951.410","946.295","","-0,01%"
"04/09/2023","949.067","950.885","953.849","946.504","","-0,28%"
"01/09/2023","951.766","950.486","956.046","948.196","","0,17%"
"31/08/2023","950.151","951.575","954.329","948.778","","-0,15%"
"30/08/2023","951.592","946.357","952.205","945.752","","0,55%"
"29/08/2023","946.348","942.712","947.614","939.807","","0,39%"
"28/08/2023","942.633","941.621","944.056","939.413","","0,08%"
"25/08/2023","941.840","939.093","945.086","936.519","","0,29%"
"24/08/2023","939.077","943.493","946.543","937.325","","-0,48%"
"23/08/2023","943.578","935.392","944.629","935.392","","0,87%"
"22/08/2023","935.441","933.581","938.252","931.001","","0,20%"
"21/08/2023","933.550","928.854","935.245","926.466","","0,29%"
"18/08/2023","930.826","934.033","935.818","929.088","","-0,35%"
"17/08/2023","934.133","935.474","938.134","929.919","","-0,15%"
"16/08/2023","935.557","936.405","939.022","934.255","","-0,14%"
"15/08/2023","936.849","941.735","941.735","935.858","","-0,51%"
"14/08/2023","941.672","942.886","943.647","938.114","","-0,13%"
"11/08/2023","942.858","938.446","944.450","935.634","","0,53%"
"10/08/2023","937.923","937.510","940.621","933.105","","0,04%"
"09/08/2023","937.520","941.772","944.007","935.416","","-0,44%"
"08/08/2023","941.696","949.070","949.195","939.552","","-0,67%"
"07/08/2023","948.046","948.155","949.178","943.975","","0,16%"
"04/08/2023","946.532","944.117","947.686","942.095","","0,38%"
"03/08/2023","942.984","947.783","948.255","938.167","","-0,52%"
"02/08/2023","947.884","950.064","953.569","943.615","","-0,25%"
"01/08/2023","950.298","954.169","954.470","944.390","","-0,41%"
"31/07/2023","954.199","950.220","956.794","947.077","","0,24%"
"28/07/2023","951.877","945.612","951.877","943.290","","0,66%"
"27/07/2023","945.597","951.940","956.163","939.165","","-0,66%"
"26/07/2023","951.905","950.217","955.714","948.104","","0,18%"
"25/07/2023","950.218","944.518","950.579","942.742","","0,60%"
"24/07/2023","944.550","947.249","951.612","943.248","","-0,46%"
"21/07/2023","948.904","954.641","955.012","945.976","","-0,61%"
"20/07/2023","954.731","953.771","958.038","949.635","","0,04%"
"19/07/2023","954.353","953.160","956.009","949.452","","0,14%"
"18/07/2023","953.036","942.109","955.181","941.260","","1,16%"
"17/07/2023","942.083","939.198","946.267","928.267","","-0,13%"
"14/07/2023","943.269","942.973","944.782","856.520","","0,05%"
"13/07/2023","942.752","940.039","945.716","938.872","","0,28%"
"12/07/2023","940.087","942.442","943.105","933.840","","-0,25%"
"11/07/2023","942.426","942.132","945.308","938.016","","0,26%"
"10/07/2023","939.956","936.796","943.509","935.300","","0,17%"
"07/07/2023","938.371","933.559","942.589","929.605","","0,51%"
"06/07/2023","933.604","929.627","934.193","924.471","","0,39%"
"05/07/2023","930.012","930.320","936.397","926.542","","-0,03%"
"04/07/2023","930.249","930.381","931.698","928.223","","-0,02%"
"03/07/2023","930.475","924.588","933.630","923.697","","0,24%"
"30/06/2023","928.273","924.907","929.366","921.216","","0,35%"
"29/06/2023","925.023","920.135","925.834","914.987","","0,52%"
"28/06/2023","920.230","923.022","925.496","917.946","","-0,31%"
"27/06/2023","923.051","930.053","930.886","917.220","","-0,75%"
"26/06/2023","929.999","928.264","936.050","928.039","","0,08%"
"23/06/2023","929.228","919.803","936.075","919.682","","1,03%"
"22/06/2023","919.740","929.533","929.561","918.639","","-1,06%"
"21/06/2023","929.614","935.477","936.913","922.425","","-0,61%"
"20/06/2023","935.349","942.529","944.894","931.644","","-0,76%"
"19/06/2023","942.522","939.830","944.350","939.380","","0,07%"
"16/06/2023","941.833","938.341","945.046","937.887","","0,37%"
"15/06/2023","938.386","932.787","940.208","927.555","","0,59%"
"14/06/2023","932.906","929.775","938.273","929.197","","0,35%"
"13/06/2023","929.628","937.506","941.104","927.548","","-0,84%"
"12/06/2023","937.504","935.039","939.992","932.580","","-0,12%"
"09/06/2023","938.674","937.818","939.755","935.079","","0,09%"
"08/06/2023","937.834","931.279","940.882","930.678","","0,69%"
"07/06/2023","931.363","939.252","940.008","928.069","","-0,84%"
"06/06/2023","939.255","936.856","940.342","933.630","","0,25%"
"05/06/2023","936.875","939.501","939.501","888.427","","0,38%"
"02/06/2023","933.312","948.240","948.675","931.307","","-1,54%"
"01/06/2023","947.939","947.761","950.547","938.862","","0,02%"
"31/05/2023","947.792","943.698","951.993","941.893","","0,43%"
"30/05/2023","943.734","934.470","945.771","930.662","","0,99%"
"29/05/2023","934.512","934.553","937.977","933.377","","-0,01%"
"28/05/2023","934.638","939.264","939.264","934.541","","-0,48%"
"26/05/2023","939.139","934.685","942.039","932.504","","0,53%"
"25/05/2023","934.148","942.094","944.239","933.040","","-0,86%"
"24/05/2023","942.238","946.366","950.118","938.804","","-0,43%"
"23/05/2023","946.277","943.323","947.477","934.976","","0,33%"
"22/05/2023","943.159","950.424","951.245","942.537","","-0,78%"
"21/05/2023","950.543","949.780","951.513","949.780","","0,08%"
"19/05/2023","949.780","939.672","953.209","936.549","","1,08%"
"18/05/2023","939.640","948.311","948.614","935.322","","-0,91%"
"17/05/2023","948.237","952.775","953.467","945.063","","-0,46%"
"16/05/2023","952.636","958.568","960.943","948.632","","-0,62%"
"15/05/2023","958.540","953.027","962.409","952.644","","0,58%"
"14/05/2023","953.034","953.647","954.564","952.172","","-0,07%"
"12/05/2023","953.689","954.613","958.806","948.971","","-0,08%"
"11/05/2023","954.438","961.749","965.184","952.522","","-0,76%"
"10/05/2023","961.774","964.638","969.366","957.361","","-0,27%"
"09/05/2023","964.373","955.265","964.906","954.592","","0,95%"
"08/05/2023","955.309","951.278","959.043","950.911","","0,44%"
"07/05/2023","951.145","951.548","951.777","950.412","","-0,04%"
"05/05/2023","951.527","967.441","968.968","943.500","","-1,65%"
"04/05/2023","967.510","969.151","971.787","957.232","","-0,16%"
"03/05/2023","969.034","953.131","977.874","948.724","","1,68%"
"02/05/2023","953.033","934.714","954.587","934.670","","1,98%"
"01/05/2023","934.502","937.032","946.098","932.587","","-0,28%"
"30/04/2023","937.120","938.617","939.467","937.090","","-0,15%"
"28/04/2023","938.532","939.380","941.256","932.475","","-0,08%"
"27/04/2023","939.284","949.999","951.250","933.629","","-1,12%"
"26/04/2023","949.944","954.860","960.279","946.176","","-0,50%"
"25/04/2023","954.732","952.250","956.374","943.429","","0,25%"
"24/04/2023","952.366","947.196","952.618","942.361","","0,54%"
"23/04/2023","947.294","946.428","947.542","945.706","","0,09%"
"21/04/2023","946.428","957.117","957.117","941.529","","-1,12%"
"20/04/2023","957.176","951.565","960.293","950.193","","0,59%"
"19/04/2023","951.550","957.488","958.452","940.134","","-0,60%"
"18/04/2023","957.295","948.142","960.145","947.894","","0,96%"
"17/04/2023","948.157","946.582","957.820","942.537","","0,16%"
"16/04/2023","946.607","947.216","947.518","944.622","","-0,08%"
"14/04/2023","947.400","967.400","970.232","941.739","","-2,07%"
"13/04/2023","967.419","965.533","971.088","958.062","","0,19%"
"12/04/2023","965.563","959.373","969.789","958.079","","0,65%"
"11/04/2023","959.306","954.694","960.445","952.923","","0,49%"
"10/04/2023","954.592","961.677","961.677","950.241","","-0,72%"
"09/04/2023","961.533","962.908","963.802","957.136","","-0,14%"
"07/04/2023","962.908","962.908","963.354","962.908","","0,00%"
"06/04/2023","962.908","969.503","969.534","959.420","","-0,68%"
"05/04/2023","969.506","968.373","975.050","964.767","","0,11%"
"04/04/2023","968.432","955.275","969.863","947.715","","1,37%"
"03/04/2023","955.347","943.544","957.990","940.343","","1,22%"
"02/04/2023","943.859","949.294","949.332","943.844","","-0,60%"
"31/03/2023","949.535","957.140","959.631","948.251","","-0,79%"
"30/03/2023","957.080","951.008","959.818","947.259","","0,65%"
"29/03/2023","950.903","956.665","956.968","949.689","","-0,59%"
"28/03/2023","956.499","954.465","958.053","945.562","","0,21%"
"27/03/2023","954.458","962.646","964.939","947.973","","-0,85%"
"26/03/2023","962.665","963.913","964.373","959.990","","-0,11%"
"24/03/2023","963.752","982.632","984.040","962.570","","-1,92%"
"23/03/2023","982.663","971.799","988.203","970.310","","1,12%"
"22/03/2023","971.757","958.878","975.328","954.981","","1,38%"
"21/03/2023","958.510","976.374","979.388","954.981","","-1,80%"
"20/03/2023","976.128","975.223","992.871","971.108","","0,09%"
"19/03/2023","975.221","981.360","981.360","974.469","","-0,61%"
"17/03/2023","981.237","950.120","981.237","948.746","","3,28%"
"16/03/2023","950.115","949.158","956.007","943.012","","0,09%"
"15/03/2023","949.219","941.097","956.779","931.688","","0,81%"
"14/03/2023","941.604","944.487","946.285","938.116","","-0,33%"
"13/03/2023","944.680","931.935","945.654","924.726","","1,34%"
"12/03/2023","932.191","927.556","940.874","927.556","","0,50%"
"10/03/2023","927.556","908.301","928.958","907.730","","2,13%"
"09/03/2023","908.255","900.723","910.152","899.243","","0,83%"
"08/03/2023","900.816","895.201","905.275","894.058","","0,62%"
"07/03/2023","895.243","907.559","913.910","894.710","","-1,40%"
"06/03/2023","907.969","910.809","914.022","907.483","","-0,36%"
"05/03/2023","911.237","912.614","912.705","911.179","","-0,15%"
"03/03/2023","912.614","903.919","913.142","902.926","","1,08%"
"02/03/2023","902.840","899.509","903.231","897.052","","0,36%"
"01/03/2023","899.626","894.931","903.298","893.955","","0,50%"
"28/02/2023","895.158","892.154","897.722","885.476","","0,33%"
"27/02/2023","892.171","887.123","893.570","886.502","","0,59%"
"26/02/2023","886.917","886.506","887.526","886.506","","0,05%"
"24/02/2023","886.506","890.605","893.765","885.547","","-0,44%"
"23/02/2023","890.453","891.234","895.199","887.916","","-0,18%"
"22/02/2023","892.015","896.529","902.027","891.492","","-0,51%"
"21/02/2023","896.553","897.177","900.481","893.932","","-0,11%"
"20/02/2023","897.567","898.751","900.234","897.066","","-0,13%"
"19/02/2023","898.741","900.505","900.721","898.678","","-0,20%"
"17/02/2023","900.505","892.869","901.070","889.118","","0,74%"
"16/02/2023","893.900","898.237","900.615","890.670","","-0,42%"
"15/02/2023","897.675","904.113","907.252","895.060","","-0,71%"
"14/02/2023","904.052","905.926","911.101","898.746","","-0,22%"
"13/02/2023","906.013","906.315","912.600","904.115","","-0,05%"
"12/02/2023","906.436","907.813","908.200","906.363","","-0,15%"
"10/02/2023","907.813","903.195","910.552","902.254","","0,44%"
"09/02/2023","903.854","910.277","917.127","902.289","","-0,72%"
"08/02/2023","910.409","911.911","915.543","907.486","","-0,18%"
"07/02/2023","912.018","904.474","916.878","904.414","","0,85%"
"06/02/2023","904.354","893.304","910.451","892.418","","1,25%"
"05/02/2023","893.148","893.416","895.307","891.127","","-0,03%"
"03/02/2023","893.416","916.102","919.921","891.525","","-2,49%"
"02/02/2023","916.206","941.239","942.246","914.540","","-2,54%"
"01/02/2023","940.131","928.900","941.759","925.021","","1,22%"
"31/01/2023","928.828","924.914","930.579","916.228","","0,40%"
"30/01/2023","925.086","929.305","931.321","924.517","","-0,45%"
"29/01/2023","929.235","929.010","929.250","927.826","","0,02%"
"27/01/2023","929.010","927.896","932.187","924.215","","0,13%"
"26/01/2023","927.836","937.757","937.881","922.649","","-1,03%"
"25/01/2023","937.463","927.640","937.651","924.298","","1,12%"
"24/01/2023","927.095","936.489","938.502","918.350","","-0,96%"
"23/01/2023","936.127","934.258","937.997","926.739","","0,23%"
"22/01/2023","933.987","933.625","934.082","932.549","","0,04%"
"20/01/2023","933.625","937.928","940.064","930.987","","-0,49%"
"19/01/2023","938.215","924.984","939.650","922.389","","1,42%"
"18/01/2023","925.075","930.615","934.067","919.682","","-0,59%"
"17/01/2023","930.551","927.765","934.378","925.345","","0,30%"
"16/01/2023","927.750","933.568","937.051","924.365","","-0,62%"
"15/01/2023","933.553","935.116","935.160","933.553","","-0,16%"
"13/01/2023","935.083","935.956","937.308","922.255","","-0,10%"
"12/01/2023","936.019","934.338","937.520","925.886","","0,17%"
"11/01/2023","934.421","939.847","940.268","929.615","","-0,58%"
"10/01/2023","939.894","936.057","941.420","934.951","","0,39%"
"09/01/2023","936.261","939.763","942.390","935.576","","-0,36%"
"08/01/2023","939.638","937.841","939.792","937.513","","0,19%"
"06/01/2023","937.841","919.719","939.717","919.048","","1,97%"
"05/01/2023","919.752","929.607","932.021","915.973","","-1,06%"
"04/01/2023","929.576","920.939","934.658","920.939","","0,92%"
"03/01/2023","921.095","915.897","928.012","914.760","","0,59%"
"02/01/2023","915.688","912.895","916.403","908.351","","0,31%"
"01/01/2023","912.895","912.691","912.895","912.691","","0,02%"
"30/12/2022","912.691","913.797","915.391","907.819","","-0,11%"
"29/12/2022","913.733","911.784","916.801","908.397","","0,23%"
"28/12/2022","911.680","912.638","915.587","907.392","","-0,11%"
"27/12/2022","912.717","905.450","922.850","905.122","","0,79%"
"26/12/2022","905.585","901.477","906.701","901.477","","0,46%"
"25/12/2022","901.477","901.215","901.477","901.215","","0,03%"
"23/12/2022","901.215","898.939","903.840","897.474","","0,29%"
"22/12/2022","898.596","909.484","913.292","894.373","","-1,21%"
"21/12/2022","909.562","911.623","913.552","907.984","","-0,22%"
"20/12/2022","911.587","896.193","913.526","895.028","","1,71%"
"19/12/2022","896.264","898.354","902.134","894.664","","-0,23%"
"18/12/2022","898.298","899.134","899.458","897.668","","-0,09%"
"16/12/2022","899.134","891.895","899.757","890.071","","0,80%"
"15/12/2022","892.030","906.205","906.252","891.113","","-1,57%"
"14/12/2022","906.218","911.003","912.474","901.137","","-0,52%"
"13/12/2022","910.911","895.425","918.252","894.956","","1,73%"
"12/12/2022","895.440","898.986","902.082","893.194","","-0,42%"
"11/12/2022","899.235","900.404","900.404","899.235","","-0,13%"
"09/12/2022","900.404","898.605","904.750","896.399","","0,20%"
"08/12/2022","898.610","898.578","901.287","893.101","","0,01%"
"07/12/2022","898.484","889.182","900.141","887.988","","1,03%"
"06/12/2022","889.281","879.631","894.164","879.406","","1,07%"
"05/12/2022","879.890","892.897","897.334","878.209","","-1,38%"
"04/12/2022","892.234","891.725","892.419","890.167","","0,06%"
"02/12/2022","891.725","901.894","903.995","882.407","","-1,12%"
"01/12/2022","901.862","897.207","902.858","887.827","","0,54%"
"30/11/2022","896.979","885.012","896.979","883.355","","1,33%"
"29/11/2022","885.185","879.871","890.128","879.853","","0,57%"
"28/11/2022","880.161","882.440","891.434","879.485","","-0,24%"
"27/11/2022","882.252","884.313","885.037","881.889","","-0,31%"
"25/11/2022","885.039","884.266","887.413","879.882","","0,10%"
"24/11/2022","884.145","884.013","885.719","881.549","","0,05%"
"23/11/2022","883.730","878.848","883.903","873.380","","0,57%"
"22/11/2022","878.736","878.313","882.993","876.655","","0,06%"
"21/11/2022","878.240","883.912","884.148","875.321","","-0,64%"
"20/11/2022","883.864","882.947","883.897","882.897","","0,09%"
"18/11/2022","883.112","888.178","891.364","881.481","","-0,29%"
"17/11/2022","885.687","889.807","892.727","883.547","","-0,43%"
"16/11/2022","889.501","889.864","895.209","886.119","","-0,03%"
"15/11/2022","889.739","882.899","892.303","881.704","","0,79%"
"14/11/2022","882.806","878.241","885.568","874.768","","0,49%"
"13/11/2022","878.536","882.084","882.490","877.730","","-0,40%"
"11/11/2022","882.084","884.126","884.487","870.719","","-0,22%"
"10/11/2022","884.033","859.065","886.394","858.595","","2,89%"
"09/11/2022","859.205","863.567","866.628","857.201","","-0,53%"
"08/11/2022","863.813","845.315","866.439","840.224","","2,17%"
"07/11/2022","845.472","846.368","849.053","841.884","","-0,12%"
"06/11/2022","846.489","850.706","850.727","846.294","","-0,50%"
"04/11/2022","850.706","822.559","850.799","822.354","","3,42%"
"03/11/2022","822.544","822.120","826.342","815.978","","0,06%"
"02/11/2022","822.041","827.436","839.473","821.040","","-0,65%"
"01/11/2022","827.385","818.105","832.289","818.105","","1,07%"
"31/10/2022","818.666","822.192","825.064","818.385","","-0,38%"
"30/10/2022","821.810","822.457","822.612","821.181","","-0,08%"
"28/10/2022","822.434","831.772","834.223","819.346","","-1,11%"
"27/10/2022","831.678","834.349","836.285","828.814","","-0,35%"
"26/10/2022","834.581","830.180","838.277","828.775","","0,53%"
"25/10/2022","830.177","827.707","834.020","823.056","","0,29%"
"24/10/2022","827.794","834.525","835.104","823.960","","-0,86%"
"23/10/2022","834.988","833.136","838.652","832.709","","0,20%"
"21/10/2022","833.302","814.743","833.302","812.742","","2,30%"
"20/10/2022","814.554","810.824","823.770","809.352","","0,45%"
"19/10/2022","810.873","821.689","822.319","810.587","","-1,31%"
"18/10/2022","821.658","822.032","825.322","818.534","","-0,03%"
"17/10/2022","821.921","817.003","830.443","816.694","","0,58%"
"16/10/2022","817.219","815.332","817.219","815.332","","0,24%"
"14/10/2022","815.267","821.318","827.450","813.682","","-0,78%"
"13/10/2022","821.671","826.691","830.615","811.625","","-0,63%"
"12/10/2022","826.879","821.918","828.520","820.705","","0,62%"
"11/10/2022","821.767","822.202","831.225","820.017","","-0,05%"
"10/10/2022","822.174","832.015","832.268","820.199","","-1,17%"
"09/10/2022","831.949","831.244","833.534","831.110","","0,07%"
"07/10/2022","831.365","835.935","840.803","829.670","","-0,55%"
"06/10/2022","835.975","839.355","842.855","833.779","","-0,41%"
"05/10/2022","839.446","845.626","845.962","831.049","","-0,76%"
"04/10/2022","845.901","836.848","847.731","833.171","","1,10%"
"03/10/2022","836.680","814.747","837.552","814.656","","2,68%"
"02/10/2022","814.808","813.035","815.265","813.035","","0,20%"
"30/09/2022","813.194","816.696","820.092","811.854","","-0,44%"
"29/09/2022","816.757","813.043","817.063","805.330","","0,48%"
"28/09/2022","812.843","791.829","815.781","789.455","","2,63%"
"27/09/2022","792.026","791.847","798.435","791.058","","0,00%"
"26/09/2022","792.011","794.837","802.125","787.860","","-0,37%"
"25/09/2022","794.962","794.954","795.518","793.190","","0,03%"
"23/09/2022","794.713","807.746","809.212","792.858","","-1,61%"
"22/09/2022","807.686","803.697","813.348","798.947","","0,50%"
"21/09/2022","803.673","802.726","813.674","798.197","","0,12%"
"20/09/2022","802.714","807.219","808.592","799.946","","-0,53%"
"19/09/2022","806.986","806.861","807.123","799.583","","0,04%"
"18/09/2022","806.669","805.329","807.600","804.983","","0,15%"
"16/09/2022","805.466","796.301","807.614","795.473","","1,14%"
"15/09/2022","796.405","813.592","813.739","795.544","","-2,12%"
"14/09/2022","813.651","812.823","818.109","810.697","","0,10%"
"13/09/2022","812.842","823.492","826.828","810.509","","-1,28%"
"12/09/2022","823.360","819.105","827.916","815.612","","0,50%"
"11/09/2022","819.245","818.583","820.144","818.583","","0,04%"
"09/09/2022","818.914","819.358","824.400","816.139","","-0,06%"
"08/09/2022","819.407","823.327","827.605","816.249","","-0,47%"
"07/09/2022","823.309","815.274","824.595","808.274","","0,99%"
"06/09/2022","815.244","821.217","827.305","813.629","","-0,73%"
"05/09/2022","821.217","818.262","822.281","817.974","","0,38%"
"04/09/2022","818.113","820.249","820.249","818.113","","-0,26%"
"02/09/2022","820.253","812.049","822.761","811.900","","0,99%"
"01/09/2022","812.230","815.480","817.496","808.254","","-0,38%"
"31/08/2022","815.299","822.378","824.294","814.573","","-0,87%"
"30/08/2022","822.423","833.189","833.606","821.445","","-1,30%"
"29/08/2022","833.294","826.468","835.740","821.334","","0,83%"
"28/08/2022","826.468","827.946","828.176","826.165","","-0,18%"
"26/08/2022","827.991","837.203","837.885","826.253","","-1,09%"
"25/08/2022","837.119","835.810","841.235","835.427","","0,15%"
"24/08/2022","835.882","833.007","838.167","831.766","","0,35%"
"23/08/2022","832.927","830.737","836.529","825.723","","0,29%"
"22/08/2022","830.559","832.784","836.648","827.147","","-0,27%"
"21/08/2022","832.784","833.586","833.912","832.545","","-0,10%"
"19/08/2022","833.586","838.664","840.155","832.844","","-0,60%"
"18/08/2022","838.631","837.760","845.215","837.502","","0,08%"
"17/08/2022","837.997","843.052","846.089","835.619","","-0,60%"
"16/08/2022","843.047","842.978","846.812","841.200","","0,01%"
"15/08/2022","842.976","848.486","850.522","840.470","","-0,64%"
"14/08/2022","848.426","849.933","849.952","848.426","","-0,18%"
"12/08/2022","849.980","849.390","849.980","841.822","","0,06%"
"11/08/2022","849.458","856.910","857.059","847.684","","-0,85%"
"10/08/2022","856.716","856.745","863.706","855.060","","0,00%"
"09/08/2022","856.723","855.843","859.291","852.054","","0,10%"
"08/08/2022","855.873","849.567","856.498","848.018","","0,74%"
"07/08/2022","849.558","849.986","849.986","848.158","","-0,06%"
"05/08/2022","850.064","861.098","861.659","845.388","","-1,26%"
"04/08/2022","860.933","845.628","861.740","845.539","","1,81%"
"03/08/2022","845.643","841.128","849.881","840.756","","0,54%"
"02/08/2022","841.134","847.435","856.066","840.324","","-0,73%"
"01/08/2022","847.346","840.320","848.649","839.758","","0,83%"
"31/07/2022","840.381","842.264","842.264","839.876","","-0,23%"
"29/07/2022","842.327","842.626","844.068","835.937","","-0,02%"
"28/07/2022","842.533","839.201","843.537","833.711","","0,40%"
"27/07/2022","839.216","828.410","839.771","826.921","","1,31%"
"26/07/2022","828.397","829.032","833.208","826.560","","-0,06%"
"25/07/2022","828.907","832.660","837.159","827.097","","-0,47%"
"24/07/2022","832.833","834.172","834.256","832.578","","-0,16%"
"22/07/2022","834.138","830.486","839.478","827.342","","0,43%"
"21/07/2022","830.576","816.849","831.418","812.597","","1,66%"
"20/07/2022","817.008","823.553","825.928","815.755","","-0,78%"
"19/07/2022","823.461","822.999","827.417","821.575","","0,07%"
"18/07/2022","822.924","824.252","830.131","822.310","","-0,17%"
"17/07/2022","824.288","823.187","824.528","822.474","","0,13%"
"15/07/2022","823.191","825.192","827.541","819.265","","-0,23%"
"14/07/2022","825.127","834.729","835.599","818.396","","-1,12%"
"13/07/2022","834.459","831.462","840.814","823.263","","0,36%"
"12/07/2022","831.458","834.373","837.981","829.656","","-0,36%"
"11/07/2022","834.432","838.682","839.241","833.516","","-0,53%"
"10/07/2022","838.862","839.188","840.030","838.158","","-0,02%"
"08/07/2022","839.003","839.904","843.093","835.192","","-0,10%"
"07/07/2022","839.836","838.857","843.225","837.112","","0,10%"
"06/07/2022","839.037","852.534","855.690","835.299","","-1,58%"
"05/07/2022","852.504","870.719","873.157","850.165","","-2,11%"
"04/07/2022","870.839","868.646","872.431","867.182","","0,27%"
"03/07/2022","868.481","869.853","870.344","868.481","","-0,11%"
"01/07/2022","869.421","865.411","869.421","857.203","","0,47%"
"30/06/2022","865.396","868.405","873.415","863.623","","-0,35%"
"29/06/2022","868.473","867.445","874.947","866.127","","0,12%"
"28/06/2022","867.475","867.754","872.649","867.416","","-0,04%"
"27/06/2022","867.834","874.280","876.671","866.612","","-0,71%"
"26/06/2022","874.006","872.212","876.478","872.212","","0,18%"
"24/06/2022","872.404","870.489","874.295","868.089","","0,23%"
"23/06/2022","870.427","878.030","879.908","869.402","","-0,84%"
"22/06/2022","877.837","872.000","882.889","870.309","","0,64%"
"21/06/2022","872.249","877.016","878.470","870.975","","-0,55%"
"20/06/2022","877.062","876.099","880.428","875.055","","0,08%"
"19/06/2022","876.362","876.649","877.003","874.602","","-0,04%"
"17/06/2022","876.720","878.755","882.870","873.252","","-0,25%"
"16/06/2022","878.902","869.566","881.904","862.555","","1,12%"
"15/06/2022","869.203","855.762","872.476","854.895","","1,57%"
"14/06/2022","855.777","859.654","866.387","853.044","","-0,40%"
"13/06/2022","859.250","878.374","881.008","855.550","","-2,14%"
"12/06/2022","878.069","875.641","878.956","875.641","","0,28%"
"10/06/2022","875.606","864.800","877.647","854.625","","1,25%"
"09/06/2022","864.823","863.347","868.340","861.605","","0,18%"
"08/06/2022","863.247","861.550","866.391","859.155","","0,21%"
"07/06/2022","861.434","854.579","862.359","853.659","","0,80%"
"06/06/2022","854.617","859.580","863.462","854.329","","-0,58%"
"05/06/2022","859.620","859.257","860.230","858.829","","0,04%"
"03/06/2022","859.257","870.710","872.527","857.595","","-1,31%"
"02/06/2022","870.661","865.426","870.992","859.924","","0,61%"
"01/06/2022","865.382","860.891","867.161","857.319","","0,51%"
"31/05/2022","860.950","867.090","870.807","860.454","","-0,71%"
"30/05/2022","867.063","866.909","871.804","866.533","","0,02%"
"29/05/2022","866.923","868.759","868.818","866.332","","-0,22%"
"27/05/2022","868.794","871.614","873.209","867.656","","-0,33%"
"26/05/2022","871.679","872.375","872.375","866.417","","-0,06%"
"25/05/2022","872.243","880.078","880.344","867.243","","-0,89%"
"24/05/2022","880.095","874.702","881.106","871.495","","0,63%"
"23/05/2022","874.585","869.626","879.794","869.626","","0,58%"
"22/05/2022","869.524","869.960","871.176","868.834","","-0,04%"
"20/05/2022","869.880","872.827","873.077","863.296","","-0,31%"
"19/05/2022","872.575","857.809","875.773","856.155","","1,74%"
"18/05/2022","857.691","854.623","861.554","852.838","","0,37%"
"17/05/2022","854.564","858.397","864.627","853.809","","-0,43%"
"16/05/2022","858.294","851.850","859.186","840.087","","0,79%"
"15/05/2022","851.587","851.233","852.360","850.316","","0,04%"
"13/05/2022","851.280","855.048","859.730","845.918","","-0,41%"
"12/05/2022","854.800","867.981","869.971","851.808","","-1,48%"
"11/05/2022","867.656","858.179","869.563","857.524","","1,10%"
"10/05/2022","858.226","867.904","872.590","858.179","","-1,14%"
"09/05/2022","868.139","876.837","877.242","866.841","","-0,99%"
"08/05/2022","876.837","878.086","878.721","876.315","","-0,12%"
"06/05/2022","877.869","873.868","881.911","870.037","","0,49%"
"05/05/2022","873.589","882.780","889.913","873.111","","-1,04%"
"04/05/2022","882.809","870.603","882.824","867.645","","1,35%"
"03/05/2022","871.025","868.704","875.155","862.616","","0,29%"
"02/05/2022","868.486","884.390","884.621","864.949","","-1,81%"
"01/05/2022","884.519","884.099","885.487","883.889","","0,02%"
"29/04/2022","884.360","883.563","894.581","883.143","","0,10%"
"28/04/2022","883.520","874.262","884.056","872.592","","1,05%"
"27/04/2022","874.348","883.423","884.022","872.431","","-1,03%"
"26/04/2022","883.464","882.899","885.282","878.530","","0,05%"
"25/04/2022","882.992","892.029","895.408","879.739","","-1,03%"
"24/04/2022","892.209","891.583","892.865","890.763","","0,06%"
"22/04/2022","891.687","899.579","902.549","889.488","","-0,90%"
"21/04/2022","899.828","903.477","903.477","893.430","","-0,39%"
"20/04/2022","903.308","898.860","903.816","894.725","","0,49%"
"19/04/2022","898.918","912.251","913.784","896.551","","-1,49%"
"18/04/2022","912.552","916.527","922.026","912.057","","-0,47%"
"17/04/2022","916.896","910.724","916.896","909.481","","0,68%"
"15/04/2022","910.724","910.061","911.085","910.029","","0,07%"
"14/04/2022","910.061","913.215","914.278","904.561","","-0,33%"
"13/04/2022","913.099","907.839","914.966","906.432","","0,58%"
"12/04/2022","907.796","901.948","913.326","900.428","","0,65%"
"11/04/2022","901.955","897.954","909.440","896.305","","0,45%"
"10/04/2022","897.937","899.194","900.045","897.364","","-0,15%"
"08/04/2022","899.268","892.366","899.407","890.310","","0,76%"
"07/04/2022","892.468","888.196","894.334","886.719","","0,49%"
"06/04/2022","888.095","885.767","891.986","884.218","","0,25%"
"05/04/2022","885.882","891.501","896.843","884.849","","-0,62%"
"04/04/2022","891.414","888.889","893.812","884.980","","0,26%"
"03/04/2022","889.104","889.343","889.644","887.610","","-0,02%"
"01/04/2022","889.274","894.628","895.557","886.111","","-0,62%"
"31/03/2022","894.858","891.862","900.735","886.062","","0,34%"
"30/03/2022","891.804","884.927","893.706","884.135","","0,75%"
"29/03/2022","885.138","888.479","890.667","873.403","","-0,38%"
"28/03/2022","888.479","902.422","902.737","885.463","","-1,55%"
"27/03/2022","902.479","902.594","903.127","901.389","","-0,01%"
"25/03/2022","902.594","904.016","905.637","896.270","","-0,15%"
"24/03/2022","903.973","897.617","906.785","894.230","","0,71%"
"23/03/2022","897.579","886.011","898.421","884.197","","1,30%"
"22/03/2022","886.058","892.321","894.937","882.223","","-0,71%"
"21/03/2022","892.381","884.885","894.285","884.390","","0,87%"
"20/03/2022","884.698","885.874","888.097","884.598","","-0,13%"
"18/03/2022","885.874","893.887","894.881","884.498","","-0,90%"
"17/03/2022","893.892","886.672","896.367","886.142","","0,80%"
"16/03/2022","886.829","883.386","887.802","872.885","","0,35%"
"15/03/2022","883.738","899.450","899.450","879.099","","-1,76%"
"14/03/2022","899.607","907.783","911.778","898.784","","-0,91%"
"13/03/2022","907.851","913.587","914.230","907.208","","-0,63%"
"11/03/2022","913.587","916.558","918.263","901.072","","-0,31%"
"10/03/2022","916.395","917.953","922.402","905.859","","-0,18%"
"09/03/2022","918.038","946.238","951.717","912.688","","-2,97%"
"08/03/2022","946.112","926.013","957.625","918.083","","2,18%"
"07/03/2022","925.912","920.555","927.454","908.984","","0,65%"
"06/03/2022","919.966","911.448","920.809","911.448","","0,93%"
"04/03/2022","911.448","895.387","911.563","892.716","","1,83%"
"03/03/2022","895.052","892.250","897.790","889.270","","0,32%"
"02/03/2022","892.217","895.452","900.739","886.079","","-0,35%"
"01/03/2022","895.331","880.496","898.256","877.785","","1,69%"
"28/02/2022","880.439","882.263","886.517","873.471","","-0,18%"
"27/02/2022","882.005","872.580","889.982","872.580","","1,08%"
"25/02/2022","872.580","881.734","887.520","869.943","","-1,00%"
"24/02/2022","881.360","880.853","912.656","869.974","","0,05%"
"23/02/2022","880.940","876.673","881.130","871.147","","0,49%"
"22/02/2022","876.633","879.668","884.067","873.789","","-0,34%"
"21/02/2022","879.651","877.676","881.729","869.694","","0,24%"
"20/02/2022","877.518","874.366","878.220","874.366","","0,36%"
"18/02/2022","874.366","874.669","875.730","869.222","","-0,03%"
"17/02/2022","874.650","857.332","874.871","856.548","","2,03%"
"16/02/2022","857.279","852.119","858.377","848.820","","0,60%"
"15/02/2022","852.152","862.000","864.584","848.410","","-1,14%"
"14/02/2022","861.949","857.804","863.203","853.240","","0,46%"
"13/02/2022","858.007","857.746","858.736","856.684","","0,03%"
"11/02/2022","857.746","842.378","860.602","841.102","","1,81%"
"10/02/2022","842.493","845.973","849.291","840.298","","-0,41%"
"09/02/2022","845.973","844.926","847.380","842.570","","0,13%"
"08/02/2022","844.912","843.347","846.223","840.096","","0,19%"
"07/02/2022","843.346","837.017","843.973","836.325","","0,76%"
"06/02/2022","836.968","835.421","837.477","835.421","","0,13%"
"04/02/2022","835.852","834.699","839.016","828.806","","0,13%"
"03/02/2022","834.772","834.501","835.528","827.050","","0,03%"
"02/02/2022","834.543","832.646","835.865","828.240","","0,22%"
"01/02/2022","832.689","831.280","836.356","830.388","","0,16%"
"31/01/2022","831.380","827.772","832.200","821.644","","0,44%"
"30/01/2022","827.770","828.921","828.921","827.296","","-0,14%"
"28/01/2022","828.921","831.079","832.187","823.713","","-0,28%"
"27/01/2022","831.239","840.669","840.877","828.832","","-1,14%"
"26/01/2022","840.798","853.324","853.324","837.910","","-1,48%"
"25/01/2022","853.410","850.170","855.232","846.880","","0,39%"
"24/01/2022","850.123","845.798","850.330","843.735","","0,53%"
"23/01/2022","845.677","845.669","846.715","844.386","","0,00%"
"21/01/2022","845.669","847.633","849.950","843.002","","-0,24%"
"20/01/2022","847.719","849.082","851.762","846.457","","-0,15%"
"19/01/2022","848.982","836.392","851.179","835.389","","1,51%"
"18/01/2022","836.371","837.408","838.972","832.607","","-0,13%"
"17/01/2022","837.484","834.973","839.249","833.529","","0,31%"
"16/01/2022","834.871","835.374","835.760","834.796","","-0,06%"
"14/01/2022","835.374","836.669","841.217","834.191","","-0,17%"
"13/01/2022","836.774","840.251","840.951","833.053","","-0,41%"
"12/01/2022","840.193","837.254","841.425","835.412","","0,34%"
"11/01/2022","837.326","828.628","838.312","828.628","","1,04%"
"10/01/2022","828.705","828.604","829.404","823.829","","0,00%"
"09/01/2022","828.679","829.548","829.548","828.429","","-0,10%"
"07/01/2022","829.548","828.835","830.234","823.230","","0,07%"
"06/01/2022","828.979","835.535","837.936","826.728","","-0,80%"
"05/01/2022","835.678","834.193","844.426","833.630","","0,20%"
"04/01/2022","834.050","827.402","835.270","827.057","","0,78%"
"03/01/2022","827.562","837.762","839.344","824.960","","-1,23%"
"02/01/2022","837.876","838.375","839.258","837.719","","-0,06%"