Date,Close,Close,Close,Close,Close,Close,Close,Close,Close,Close,Close,Close,Close,Close,Close,Close,Close,Close,Close,Close,Close,Close,Close,Close,Close,Close,Close,Close,Close,Close,Close,Close,Close,Close,Close,Close,Close,Close,Close,Close,Close,Close,Close,Close,Close,Close,Close
4/28/2025 16:00:00,8775,4920,3840,4190,4890,2850,1100,1940,131,715,82,262,79,2420,850,87,4300,870,525,1730,204,2100,900,2120,82,394,9950,165,187,68,1760,685,1350,1590,1180,930,286,2560,1715,362,143,1245,1005,4010,220,27,1440
4/29/2025 16:00:00,8725,4940,3850,4140,4800,2850,1085,1900,131,730,85,282,75,2430,880,86,4310,860,520,1770,200,2200,900,2130,83,396,9975,167,185,69,1750,695,1355,1575,1090,910,272,2590,1685,352,143,1240,995,4010,218,29,1435
4/30/2025 16:00:00,8825,4890,3850,4180,4800,2850,1055,1850,131,735,85,260,73,2410,880,87,4330,865,520,1750,206,2240,920,2120,83,394,9700,165,183,68,1760,685,1350,1565,1150,1010,280,2640,1715,344,144,1245,1000,4010,220,30,1430
5/2/2025 16:00:00,8975,4960,3880,4200,4790,2850,1050,1895,131,730,82,268,69,2420,880,85,4340,845,520,1740,206,2310,1000,2090,85,392,9700,161,184,69,1745,675,1360,1560,1140,995,280,2680,1640,350,148,1215,995,4010,220,32,1430
5/5/2025 16:00:00,8975,4980,3860,4210,4780,2890,1055,1925,132,740,83,264,73,2420,855,86,4350,850,520,1740,210,2220,1070,2100,93,398,9600,162,184,69,1740,715,1365,1565,1140,990,286,2700,1610,354,152,1275,995,4040,224,30,1425
5/6/2025 16:00:00,9025,4980,3880,4180,4750,3000,1055,1940,130,750,83,276,80,2400,855,85,4350,855,520,1730,208,2230,1065,2120,93,346,9500,161,189,67,1710,740,1365,1550,1125,965,280,2680,1635,348,152,1330,995,4050,222,28,1425
5/7/2025 16:00:00,9075,4950,3910,4160,4830,2900,1055,1915,131,750,84,276,80,2390,860,84,4350,855,520,1730,202,2280,1050,2110,91,334,9575,164,189,69,1710,725,1365,1560,1125,985,284,2620,1615,356,151,1315,995,4040,222,28,1425
5/8/2025 16:00:00,8975,4790,3790,4120,4780,2730,1160,1880,131,745,81,280,78,2380,860,83,4350,845,515,1715,204,2340,1050,2080,91,324,9500,158,187,68,1715,740,1365,1560,1180,990,286,2570,1615,346,152,1315,995,4030,218,28,1410
5/9/2025 16:00:00,9000,4770,3840,4100,4780,2780,1150,1905,131,745,81,260,78,2400,845,83,4330,835,515,1710,202,2400,995,2070,88,322,9325,155,185,66,1715,725,1355,1580,1190,985,284,2600,1700,342,154,1295,985,4050,212,27,1410
5/14/2025 16:00:00,9275,5050,4090,4370,4810,2890,1220,1960,131,750,79,262,76,2430,910,84,4350,860,530,1800,202,2270,990,2040,89,324,9125,155,186,66,1725,735,1360,1595,1210,990,284,2590,1670,346,154,1300,985,4030,224,27,1410
5/15/2025 16:00:00,9275,5325,4270,4500,4820,2900,1240,1930,132,745,73,262,72,2420,900,81,4350,875,550,1800,202,2230,990,2040,87,320,9175,160,183,67,1720,735,1355,1595,1205,980,282,2660,1655,342,151,1310,980,4030,216,26,1410
5/16/2025 16:00:00,9300,5475,4250,4500,4880,2870,1250,1950,131,750,73,266,67,2430,905,81,4350,870,550,1810,204,2260,965,2030,82,308,9050,154,180,65,1675,735,1330,1570,1175,955,274,2740,1590,342,145,1270,960,4030,204,27,1410
5/19/2025 16:00:00,9500,5525,4230,4460,4940,2860,1240,2060,131,750,71,264,69,2470,950,81,4270,875,560,1805,206,2240,950,2030,83,304,9125,150,184,66,1710,800,1320,1560,1155,960,268,2820,1605,344,145,1295,945,4030,204,26,1410
5/20/2025 16:00:00,9475,5400,4210,4450,4860,2900,1230,2060,131,745,72,256,70,2490,945,81,4330,875,550,1800,204,2230,900,1985,80,294,9050,141,182,64,1675,790,1315,1535,1140,925,258,2740,1565,336,136,1235,935,4040,192,25,1400
5/21/2025 16:00:00,9700,5450,4260,4520,4670,2930,1275,2020,131,745,70,254,67,2520,920,81,4320,875,560,1820,206,2220,920,2020,84,302,9050,162,182,66,1650,855,1325,1570,1175,950,268,2750,1625,346,143,1285,950,4030,202,26,1400
5/22/2025 16:00:00,9650,5450,4300,4470,4630,2920,1275,2020,130,745,72,246,65,2510,930,81,4300,875,565,1810,206,2170,955,1995,86,302,9175,150,180,65,1645,825,1320,1560,1170,945,264,2800,1600,348,146,1265,950,4030,197,26,1315
5/23/2025 16:00:00,9675,5425,4350,4510,4740,2940,1270,2020,130,755,72,250,62,2510,915,82,4290,875,565,1805,206,2290,945,2020,85,306,9500,151,179,66,1650,820,1340,1580,1145,935,258,2690,1600,350,146,1295,950,4030,202,25,1315
5/26/2025 16:00:00,9625,5475,4320,4500,4730,2960,1265,1880,130,740,68,240,57,2470,910,81,4320,860,560,1790,204,2350,935,2520,84,312,9900,152,180,67,1645,795,1345,1605,1145,930,260,2800,1610,322,144,1315,955,4030,202,25,1315
5/27/2025 16:00:00,9450,5400,4370,4530,4700,2950,1275,1850,131,735,66,242,57,2470,920,82,4340,855,565,1785,204,2430,935,2180,84,310,9800,149,182,68,1645,815,1345,1610,1140,920,254,2830,1575,346,144,1315,950,4040,199,26,1315
5/28/2025 16:00:00,9400,5300,4450,4490,4850,3000,1255,1830,130,740,64,242,54,2480,905,82,4350,850,565,1780,202,2430,905,2170,85,308,9675,148,181,67,1645,820,1335,1630,1155,915,254,2820,1555,348,143,1310,945,4030,197,25,1315
6/2/2025 16:00:00,9100,5075,4200,4370,4780,2790,1200,1835,130,730,62,224,53,2460,900,81,4340,845,565,1735,200,2430,905,2160,87,308,9750,147,182,66,1645,840,1330,1645,1155,915,254,2780,1600,350,145,1300,950,4070,200,25,1200
6/3/2025 16:00:00,9050,5050,4200,4370,4700,2780,1200,1740,130,715,62,226,54,2460,880,82,4340,840,560,1720,200,2400,910,2160,86,304,9325,144,181,65,1635,840,1330,1655,1145,905,254,2800,1600,350,144,1310,950,4020,199,25,1200
6/4/2025 16:00:00,8975,5025,4080,4300,4610,2550,1190,1655,130,725,62,228,55,2450,885,81,4320,845,510,1730,200,2380,910,2120,93,306,9325,146,181,66,1625,810,1330,1665,1155,905,252,2820,1625,350,192,1385,945,4040,199,25,1080
6/5/2025 16:00:00,8925,5075,4100,4420,4610,2570,1145,1665,130,730,61,228,57,2450,885,81,4320,835,500,1715,198,2410,910,2120,87,308,9225,149,180,66,1635,925,1335,1645,1130,915,252,2840,1620,344,168,1335,940,4020,202,25,1080
6/10/2025 16:00:00,9100,5250,4150,4520,4600,2550,1190,1775,130,730,66,238,56,2460,900,81,4340,845,505,1725,199,2380,905,2140,88,310,9225,162,181,65,1635,930,1335,1480,1130,915,252,2910,1605,356,167,1330,985,4030,200,25,1000
6/11/2025 16:00:00,9050,5200,4070,4540,4610,2620,1180,1820,130,720,68,234,56,2480,885,81,4330,845,498,1730,199,2430,905,2120,88,318,9500,158,182,66,1645,925,1340,1480,1155,920,264,2800,1625,348,168,1365,980,4030,216,25,1000
6/12/2025 16:00:00,9125,5175,4070,4540,4560,2620,1180,1780,130,720,67,234,56,2490,865,80,4390,845,494,1735,200,2430,910,2150,88,316,9475,159,183,67,1645,890,1345,1470,1140,920,260,2780,1625,356,166,1395,985,4000,216,25,1000
6/13/2025 16:00:00,9025,5150,4000,4540,4570,2590,1160,1740,130,715,64,226,56,2480,825,80,4370,835,490,1730,196,2400,900,2120,86,314,9350,156,181,66,1640,900,1335,1455,1125,920,256,2740,1600,348,160,1365,970,4000,212,24,1000
6/16/2025 16:00:00,8925,5150,3990,4400,4610,2600,1150,1700,130,705,64,226,55,2460,820,79,4370,835,486,1725,197,2390,950,2140,86,308,9200,156,181,66,1630,910,1340,1445,1130,910,258,2740,1690,348,159,1430,970,4000,212,25,1000
6/17/2025 16:00:00,9075,5100,3960,4360,4600,2640,1200,1730,130,715,64,234,57,2470,835,79,4350,835,490,1720,196,2430,895,2120,87,310,9325,157,178,65,1625,910,1350,1445,1135,905,256,2760,1685,348,159,1445,980,4010,212,24,1000
6/18/2025 16:00:00,8900,5075,3940,4300,4590,2570,1175,1735,130,695,63,236,56,2460,805,78,4340,835,488,1705,196,2420,900,2130,87,312,9350,155,180,66,1625,1005,1345,1445,1135,910,256,2770,1765,350,159,1480,980,4000,212,25,1000
6/19/2025 16:00:00,8775,4970,3800,4130,4530,2520,1145,1700,130,690,61,220,54,2430,810,76,4350,820,486,1680,194,2500,900,2120,87,312,9350,155,180,65,1625,1030,1350,1435,1130,900,252,2690,1840,366,159,1490,1005,3900,210,24,1000
6/20/2025 16:00:00,8700,4930,3790,4110,4490,2480,1110,1685,130,660,59,218,54,2480,780,76,4360,805,484,1675,195,2500,880,2120,86,314,9125,160,183,66,1625,1040,1340,1425,1130,910,264,2640,1960,380,159,1460,985,4000,208,24,1000
6/23/2025 16:00:00,8625,4920,3720,4060,4430,2440,1085,1585,130,690,57,206,54,2410,750,76,4350,800,472,1650,193,2500,875,2120,86,312,9100,156,181,66,1625,1045,1340,1420,1130,885,258,2580,1975,374,158,1525,970,4000,204,24,1000
6/24/2025 16:00:00,8775,5025,3780,4140,4470,2550,1115,1635,130,765,57,220,52,2430,785,76,4350,805,480,1670,195,2590,860,2120,86,310,9125,179,179,65,1670,1035,1350,1435,1140,905,266,2590,2020,374,160,1540,970,3900,206,25,1000
6/25/2025 16:00:00,8600,4880,3760,4110,4470,2550,1100,1680,130,775,59,214,51,2450,785,77,4350,800,476,1665,194,2960,875,2120,87,316,9350,165,192,66,1665,1010,1355,1450,1140,900,266,2620,1990,372,160,1520,980,3900,214,24,1000
6/26/2025 16:00:00,8650,5025,3830,4120,4450,2580,1150,1690,130,780,60,220,54,2440,805,78,4370,805,486,1670,194,3260,900,2110,87,312,9500,157,186,65,1670,1040,1350,1445,1130,900,260,2710,1950,382,163,1500,995,4000,214,24,905
6/30/2025 16:00:00,8675,4880,3740,4120,4500,2580,1115,1775,130,785,58,224,55,2440,815,77,4390,810,500,1665,202,2780,895,2100,87,318,9700,158,187,66,1660,1010,1350,1445,1140,905,262,2780,1965,374,164,1505,1000,4000,214,24,900
7/1/2025 16:00:00,8700,4750,3700,4010,4450,2510,1095,1810,130,780,59,220,55,2430,810,78,4380,805,486,1670,198,2740,890,2090,88,314,9800,157,184,66,1660,1000,1345,1440,1140,900,260,2810,1950,378,164,1430,980,4010,212,24,900
7/2/2025 16:00:00,8675,4770,3680,4020,4540,2460,1090,1715,130,790,57,216,54,2430,800,77,4370,805,486,1670,195,2680,875,2110,87,316,9850,158,184,66,1655,1000,1340,1430,1130,900,260,2780,1920,368,160,1405,980,4010,212,24,900
7/3/2025 16:00:00,8600,4740,3680,3970,4570,2480,1080,1745,131,790,57,216,55,2430,785,77,4360,805,486,1675,197,2630,870,2080,88,310,9575,155,184,67,1670,1010,1330,1420,1120,900,254,2710,1900,370,160,1410,960,4000,208,24,900
7/4/2025 16:00:00,8650,4740,3670,4000,4620,2550,1085,1720,130,850,59,220,54,2420,790,76,4370,800,484,1665,197,2710,900,2110,90,312,9450,158,183,67,1650,1015,1345,1425,1120,905,258,2630,1915,372,160,1410,960,4010,210,24,810
7/7/2025 16:00:00,8625,4740,3700,4000,4680,2570,1085,1740,130,850,60,218,54,2430,805,75,4360,800,484,1675,197,2650,850,2100,90,316,9400,154,183,67,1660,970,1325,1405,1140,905,258,2700,1875,370,164,1400,915,4020,212,23,805
7/8/2025 16:00:00,8500,4720,3670,3970,4660,2600,1080,1695,130,875,60,224,55,2410,775,77,4370,800,488,1675,196,2770,865,2100,90,314,9400,157,187,66,1650,950,1330,1395,1145,910,260,2650,1875,370,180,1395,930,4010,210,23,805
7/9/2025 16:00:00,8500,4710,3680,4000,4720,2610,1100,1670,130,935,59,226,57,2430,800,77,4380,805,488,1700,196,2840,870,2110,92,314,9300,154,184,66,1640,970,1340,1405,1155,910,260,2670,1895,364,173,1400,935,4020,214,23,805
7/10/2025 16:00:00,8600,4820,3870,4110,4680,2710,1155,1715,131,1010,60,230,60,2430,805,77,4370,810,488,1705,198,2800,870,2080,94,314,9250,153,184,65,1630,960,1345,1395,1155,900,254,2690,1825,362,171,1375,930,4000,212,23,805
7/11/2025 16:00:00,8625,4970,3880,4180,4710,2780,1195,1810,130,1130,59,234,58,2430,830,78,4380,815,496,1715,198,2800,850,2060,93,312,9225,151,184,65,1620,935,1350,1390,1145,885,250,2730,1745,356,169,1440,940,4000,208,23,805
7/14/2025 16:00:00,8525,4690,3780,4040,4700,2720,1185,1765,130,1035,59,230,56,2420,800,78,4390,810,488,1700,199,2760,850,2080,93,314,9475,156,187,66,1650,940,1380,1400,1150,900,252,2690,1780,360,173,1470,935,4000,218,23,800
7/15/2025 16:00:00,8550,4700,3880,4050,4700,2750,1210,1790,131,1095,59,234,56,2420,800,78,4380,810,490,1700,199,2760,860,2070,96,320,9375,160,193,67,1650,940,1385,1400,1185,920,266,2640,1795,358,172,1530,965,4010,252,23,800
7/16/2025 16:00:00,8525,4690,3880,4130,4750,2780,1240,1780,130,1105,59,242,56,2450,815,78,4380,805,492,1715,198,2780,855,2100,94,322,9325,157,191,67,1645,960,1385,1410,1160,915,262,2650,1780,356,172,1505,960,4030,240,25,815
7/17/2025 16:00:00,8525,4720,3890,4110,4790,2800,1220,1760,131,1105,60,240,55,2450,800,78,4360,810,492,1715,198,2770,865,2050,98,318,9225,158,192,69,1650,985,1380,1410,1150,910,258,2770,1865,356,175,1450,980,4050,236,26,820
7/18/2025 16:00:00,8425,4740,3860,4120,4750,2800,1205,1725,130,1115,58,246,55,2440,790,78,4360,820,492,1715,197,2770,890,2070,95,316,9250,153,193,73,1650,955,1370,1395,1140,910,254,2770,1825,354,177,1415,970,4020,226,25,835
7/21/2025 16:00:00,8450,4680,3830,4070,4760,2780,1175,1775,130,1130,57,252,56,2410,770,78,4350,810,492,1710,198,2770,870,2080,94,322,9325,156,260,73,1650,970,1385,1390,1140,915,260,2800,1845,354,177,1455,970,4050,230,24,845
7/22/2025 16:00:00,8400,4660,3840,4050,4690,2720,1175,1745,130,1140,58,246,56,2420,770,79,4330,815,492,1700,199,2780,880,2110,98,328,9200,173,228,75,1660,1000,1405,1400,1150,905,260,2850,1855,356,177,1465,970,4000,244,25,850
7/23/2025 16:00:00,8425,4680,3800,4100,4950,2730,1190,1765,130,1200,60,256,55,2420,750,80,4320,815,490,1705,200,2820,930,2110,98,334,9400,170,222,73,1665,965,1400,1405,1155,905,260,2850,1805,360,177,1455,955,4010,240,25,935
7/24/2025 16:00:00,8500,4800,3950,4220,5050,2850,1215,1870,130,1280,59,252,55,2440,755,80,4300,820,496,1740,200,2810,905,2180,104,328,9775,189,224,74,1655,960,1400,1410,1170,905,260,2840,1805,358,190,1430,970,3990,240,26,950
7/25/2025 16:00:00,8450,4690,3880,4090,5000,2870,1195,1870,131,1340,58,244,55,2430,790,80,4300,815,492,1725,200,2990,940,2180,135,334,9500,200,230,82,1645,980,1400,1410,1215,915,278,2820,1815,358,197,1435,990,4030,252,27,950
7/28/2025 16:00:00,8500,4700,3940,4210,5100,2840,1185,1870,130,1400,59,252,54,2440,760,79,4330,820,496,1725,200,3120,930,2150,122,330,9725,184,224,77,1670,965,1400,1405,1185,885,264,2860,1820,356,186,1435,980,4010,248,29,950
7/29/2025 16:00:00,8400,4710,3920,4150,5100,2840,1175,1890,130,1375,59,250,55,2440,765,79,4320,815,494,1725,200,3180,895,2140,128,330,9600,187,226,77,1745,950,1395,1400,1170,875,266,2880,1975,356,185,1425,975,4000,244,31,1045
7/30/2025 16:00:00,8375,4620,3780,4120,5150,2770,1150,1905,130,1370,64,248,55,2430,765,80,4360,800,496,1705,200,3260,910,2140,125,328,9775,188,228,78,1735,950,1400,1400,1180,875,270,2880,1900,370,187,1465,970,4050,244,34,1045
7/31/2025 16:00:00,8275,4510,3710,4010,5100,2730,1115,1870,130,1305,65,242,55,2490,765,79,4400,785,505,1705,206,3210,890,2120,118,320,9425,177,214,76,1675,920,1365,1395,1155,860,260,2880,1855,376,183,1490,970,4020,236,31,1050
8/1/2025 16:00:00,8300,4530,3740,4010,5000,2730,1115,1850,130,1255,65,248,55,2490,765,78,4400,785,515,1700,208,3110,870,2120,112,312,9300,163,228,73,1655,905,1365,1390,1145,835,256,2980,1815,370,182,1460,965,4070,228,29,1055
8/4/2025 16:00:00,8275,4620,3710,4010,5025,2750,1095,1840,130,1370,63,266,56,2450,785,78,4390,775,510,1695,204,3200,885,2120,117,316,9200,168,230,75,1660,915,1380,1395,1150,835,256,3030,1880,380,179,1470,965,4030,230,27,1055
8/5/2025 16:00:00,8425,4750,3740,4220,5025,2780,1115,1885,130,1335,65,260,69,2480,820,78,4390,775,515,1700,204,3180,885,2130,110,314,9300,173,226,77,1615,920,1380,1395,1150,845,258,3030,1895,380,183,1450,965,4060,236,25,1060
8/6/2025 16:00:00,8300,4700,3710,4100,4900,2740,1130,1890,130,1340,65,266,62,2510,850,77,4390,780,515,1695,202,3180,885,2120,111,316,9125,169,228,76,1610,930,1385,1390,1155,845,256,2990,2030,376,184,1460,960,4000,232,26,1165
8/7/2025 16:00:00,8300,4680,3710,4120,4960,2740,1115,1890,131,1340,63,260,63,2520,855,77,4390,775,510,1695,206,3140,875,2080,107,314,9050,162,222,75,1615,925,1380,1385,1140,845,252,2950,2000,368,185,1350,950,4010,226,26,1165
8/8/2025 16:00:00,8300,4670,3700,4070,4920,2700,1115,1860,130,1460,62,258,63,2510,860,77,4390,775,505,1700,204,3200,850,2100,105,316,9125,163,226,75,1665,945,1350,1370,1130,820,246,2940,2000,358,180,1375,960,3930,226,25,1165
8/11/2025 16:00:00,8550,4720,3810,4200,4900,2730,1205,2000,130,1595,62,288,61,2560,855,79,4390,780,510,1705,204,3150,880,2080,108,314,9050,169,230,74,1630,935,1365,1390,1120,820,246,2990,1950,362,184,1385,960,4000,246,25,1050
8/12/2025 16:00:00,8850,4910,4050,4360,4990,2780,1260,2200,132,1580,65,352,67,2570,885,85,4390,790,520,1725,208,3170,890,2080,110,320,9050,168,240,74,1640,970,1370,1390,1130,825,252,3180,1920,374,180,1525,970,4050,248,25,1050
8/13/2025 16:00:00,8925,4870,4080,4370,5175,2770,1335,2160,132,1550,64,344,69,2550,880,83,4400,790,515,1730,208,3120,905,2080,116,316,9125,170,268,75,1645,950,1370,1390,1135,830,252,3360,1925,376,206,1500,970,4000,250,27,1155
8/14/2025 16:00:00,8775,4850,4060,4390,5100,2770,1350,2210,130,1520,62,344,65,2570,865,96,4480,790,515,1725,210,3140,910,2090,115,314,9100,170,326,76,1665,970,1380,1390,1135,835,252,3420,1910,372,206,1485,970,4220,254,29,1270
8/15/2025 16:00:00,8700,4850,4120,4370,5025,2770,1280,2180,130,1540,62,330,64,2520,845,93,4390,795,515,1715,214,3150,915,2110,114,312,9050,169,308,77,1630,970,1360,1390,1135,825,250,3310,1930,372,202,1460,960,4400,244,31,1350
8/19/2025 16:00:00,8500,4800,4040,4330,5525,2760,1255,2170,131,1535,61,324,63,2530,875,93,4400,790,515,1720,212,3100,895,2120,113,316,9075,174,300,77,1650,945,1365,1390,1170,830,252,3250,1880,370,202,1505,955,4380,250,34,1350
8/20/2025 16:00:00,8525,4950,4150,4430,5525,2790,1320,2270,134,1545,61,354,65,2540,860,108,4390,800,520,1740,212,3120,895,2120,113,316,9100,171,302,76,1635,980,1355,1390,1135,820,246,3220,1940,370,198,1460,965,5000,244,31,1350
8/21/2025 16:00:00,8550,4900,4150,4490,5625,2770,1280,2210,132,1535,61,346,65,2570,875,103,4400,800,520,1725,212,3080,885,2060,111,312,9050,168,300,75,1650,970,1365,1390,1150,825,246,3250,1945,378,200,1435,970,4790,240,30,1350
8/22/2025 16:00:00,8450,4890,4100,4390,5700,2730,1270,2210,134,1555,61,342,64,2580,865,106,4400,800,520,1725,214,3040,885,2050,113,314,9100,167,298,75,1640,970,1350,1385,1135,820,246,3240,1980,396,198,1400,1030,4790,240,30,1350
8/25/2025 16:00:00,8475,4950,4210,4450,5750,2750,1300,2290,160,1575,60,374,72,2560,855,118,4410,800,530,1730,220,3060,920,2090,113,316,9075,161,298,75,1635,955,1355,1390,1140,820,248,3310,1930,412,193,1395,1025,4670,240,30,1425
8/26/2025 16:00:00,8250,4900,4170,4540,5625,2760,1260,2270,145,1600,61,356,77,2560,855,117,4410,800,525,1725,214,3100,890,2070,111,312,9275,161,292,75,1665,935,1360,1385,1125,815,244,3260,1880,410,192,1390,995,4460,234,30,1425
8/27/2025 16:00:00,8300,4800,4130,4450,5500,2720,1240,2260,146,1580,60,350,77,2530,835,115,4410,795,525,1725,214,3040,895,2080,112,314,9250,160,280,75,1660,925,1355,1390,1110,805,240,3170,1765,402,179,1400,995,4360,234,28,1425
8/28/2025 16:00:00,8325,4770,4140,4460,5575,2740,1305,2350,143,1585,59,354,76,2550,815,124,4410,795,525,1720,218,3150,905,2050,114,314,9400,161,272,76,1655,930,1350,1390,1105,810,242,3180,1790,432,184,1390,995,4880,242,28,1425
8/29/2025 16:00:00,8075,4730,4050,4380,5500,2710,1300,2270,139,1570,58,332,71,2500,760,116,4400,790,515,1700,212,3170,905,2080,111,312,9000,163,290,77,1645,910,1345,1400,1100,805,244,3130,1790,478,186,1375,1010,5100,244,29,1400
9/1/2025 16:00:00,8000,4600,3980,4320,5450,2690,1280,2170,135,1575,58,326,67,2490,780,113,4400,780,510,1700,210,3130,890,2040,111,312,9125,162,278,78,1635,925,1355,1385,1080,800,242,3110,1760,462,188,1350,1010,4630,240,28,
9/2/2025 16:00:00,8000,4570,3960,4310,5475,2710,1275,2200,134,1635,58,330,70,2500,770,115,4410,780,515,1695,212,3130,880,2080,110,316,9150,161,284,77,1635,915,1345,1395,1065,810,242,3070,1745,460,186,1415,1050,4490,250,28,
9/3/2025 16:00:00,7975,4620,4030,4410,5500,2720,1270,2190,137,1605,58,326,71,2510,755,113,4410,775,510,1695,212,3140,875,2070,111,316,9125,163,286,77,1695,900,1345,1390,1055,805,244,3110,1740,488,189,1405,1040,4880,254,29,
9/4/2025 16:00:00,8000,4680,4000,4370,5500,2720,1280,2170,136,1570,59,320,75,2540,760,110,4410,775,515,1710,210,3160,870,2070,109,314,9100,161,282,76,1660,910,1355,1390,1060,805,242,3150,1740,486,186,1430,1025,4950,252,28,
9/8/2025 16:00:00,7700,4490,3900,4180,5425,2580,1155,2000,135,1535,58,308,70,2510,760,104,4500,765,515,1705,208,3170,895,2070,107,314,9100,160,300,74,1655,910,1350,1395,1040,840,238,3090,1735,605,184,1455,1025,4210,246,27,
9/9/2025 16:00:00,7525,4310,3790,4080,5525,2480,1220,1970,134,1470,56,318,69,2510,750,105,4450,765,505,1690,206,3070,875,2120,104,314,9000,157,282,73,1655,905,1345,1395,1035,800,234,3050,1775,600,186,1420,1010,4580,240,28,
9/10/2025 16:00:00,7800,4400,3880,4100,5475,2500,1275,2110,136,1480,56,330,70,2500,750,106,4450,765,510,1695,206,3210,885,2090,103,316,9000,155,260,74,1645,980,1345,1385,1015,805,230,3150,1875,570,179,1380,1015,4080,236,30,
9/11/2025 16:00:00,7850,4480,4080,4420,5550,2660,1355,2130,135,1510,57,344,71,2520,760,110,4450,770,515,1705,212,3320,870,2080,107,318,9125,159,270,74,1650,995,1350,1385,1040,805,236,3080,1805,540,182,1410,1035,4020,240,30,
9/12/2025 16:00:00,7925,4520,4180,4520,5675,2690,1410,2120,137,1490,57,348,70,2500,805,110,4500,770,520,1715,210,3360,860,2100,101,314,8975,155,258,72,1640,1000,1350,1385,1030,800,232,3100,1780,555,181,1385,1025,4110,236,30,
9/15/2025 16:00:00,8025,4530,4140,4410,5625,2680,1390,2140,138,1500,57,350,71,2510,805,110,4500,770,520,1730,210,3450,860,2070,103,310,9100,153,256,72,1640,965,1335,1385,1010,790,234,3260,1745,545,190,1355,1010,4050,230,28,
9/16/2025 16:00:00,7925,4480,4130,4370,5650,2640,1345,2160,138,1510,57,348,71,2470,795,110,4500,770,515,1725,212,3730,860,2050,100,312,9075,151,242,72,1610,945,1325,1380,1000,780,228,3300,1700,505,177,1330,995,4050,222,27,
9/17/2025 16:00:00,7850,4510,4220,4450,5700,2650,1390,2280,136,1530,57,356,71,2500,795,111,4500,765,515,1725,210,3980,860,2070,99,310,9350,147,242,70,1665,980,1340,1375,1015,770,226,3340,1630,510,177,1355,1000,4090,222,27,
9/18/2025 16:00:00,7700,4420,4250,4340,5575,2610,1325,2210,136,1580,56,334,71,2500,790,108,4500,765,515,1720,212,3950,870,2080,100,308,9150,148,234,71,1630,975,1340,1375,1010,770,228,3250,1630,525,180,1315,1000,4020,218,27,
9/19/2025 16:00:00,7800,4380,4250,4270,5725,2610,1335,2240,137,1535,55,318,68,2360,770,106,4500,760,515,1705,212,4150,850,2070,98,304,9100,145,228,70,1655,900,1330,1365,995,765,226,3230,1560,496,180,1345,1000,4020,212,26,
9/22/2025 16:00:00,7725,4420,4160,4210,5700,2610,1305,2140,137,1500,54,314,66,2380,775,107,4500,765,515,1700,214,4640,860,2060,102,306,9150,151,244,72,1655,925,1360,1380,1000,780,236,3220,1655,498,183,1450,1025,3990,222,26,
9/23/2025 16:00:00,7875,4410,4140,4200,5900,2660,1305,2140,139,1485,54,314,67,2390,785,109,4500,770,520,1700,214,4980,860,2050,102,310,9250,152,248,72,1630,985,1355,1385,1010,785,236,3190,1700,550,181,1400,1115,4000,224,27,
9/24/2025 16:00:00,7775,4390,4170,4190,5900,2690,1275,2100,139,1495,53,308,70,2400,775,110,4500,770,515,1700,212,5200,865,2080,102,310,9300,153,250,71,1635,970,1355,1385,1005,790,236,3160,1670,560,184,1400,1090,3990,222,27,
9/25/2025 16:00:00,7700,4360,4070,4190,5775,2670,1275,2080,132,1485,55,304,68,2380,790,120,4500,770,510,1695,210,5175,855,2080,102,312,9275,155,246,72,1635,985,1355,1385,1015,800,236,3120,1640,560,181,1405,1095,3990,226,26,
9/26/2025 16:00:00,7625,4420,4040,4180,5875,2670,1300,2150,136,1480,57,330,68,2390,790,117,4500,770,510,1695,210,5300,870,2070,105,310,9050,154,244,71,1630,995,1355,1390,1010,795,240,3110,1650,540,184,1370,1095,3990,226,27,
9/29/2025 16:00:00,7775,4400,3980,4170,5775,2610,1290,2210,138,1480,56,338,71,2400,780,115,4500,770,510,1700,210,5950,875,2260,103,316,9175,152,238,72,1635,960,1350,1380,1005,795,238,3080,1660,505,182,1380,1040,4000,228,25,
9/30/2025 16:00:00,7625,4400,3900,4100,5775,2590,1285,2130,152,1485,54,332,68,2380,765,112,4480,765,510,1695,208,5500,865,2160,104,316,9075,152,242,71,1630,995,1355,1390,1000,795,236,3060,1700,500,181,1400,1040,3990,228,26,
10/1/2025 16:00:00,7500,4380,3810,4050,5675,2590,1265,2150,144,1540,55,362,67,2370,760,115,4500,765,510,1675,210,5850,870,2170,101,318,9150,155,246,72,1630,990,1365,1415,1010,800,240,3060,1750,500,182,1415,1040,3990,234,27,
10/2/2025 16:00:00,7500,4360,3710,4040,5700,2600,1265,2200,155,1525,54,420,67,2380,760,114,4500,765,515,1680,210,5975,880,2140,102,322,9100,155,242,72,1640,990,1375,1460,1020,800,242,3130,1740,540,181,1410,1065,4000,236,26,
10/3/2025 16:00:00,7525,4310,3690,4040,5825,2610,1215,2180,152,1495,57,394,64,2370,765,109,4500,765,510,1700,206,5675,875,2130,100,322,9000,152,242,73,1640,1020,1375,1445,1030,805,240,3070,1720,525,180,1370,1045,3990,232,27,
10/6/2025 16:00:00,7500,4260,3660,4000,5825,2610,1195,2130,144,1510,57,380,65,2360,750,108,4440,765,510,1695,208,5700,875,2170,99,320,9000,153,242,74,1650,975,1390,1450,1045,805,244,3010,1735,535,183,1380,1040,3990,230,27,
10/7/2025 16:00:00,7575,4290,3710,3990,5750,2600,1200,2090,143,1490,56,380,63,2370,755,108,4450,760,505,1695,208,5600,880,2130,98,318,8950,151,238,73,1660,990,1365,1450,1025,800,238,3010,1690,535,182,1370,1030,3990,224,27,
10/8/2025 16:00:00,7375,4250,3720,3940,5725,2590,1180,2080,143,1485,56,378,62,2370,755,107,4520,755,505,1705,204,5475,880,2180,100,318,8975,151,232,74,1645,970,1375,1450,1030,805,238,2990,1645,530,184,1370,1025,4000,224,27,
10/9/2025 16:00:00,7550,4390,3860,4100,5925,2690,1235,2160,142,1555,55,384,61,2390,770,111,4520,770,520,1710,206,5650,880,2150,101,320,8975,152,238,74,1650,970,1390,1445,1025,800,240,3010,1695,615,186,1405,1035,4000,230,27,
10/10/2025 16:00:00,7400,4250,3730,3970,5900,2630,1185,2100,143,1530,54,372,60,2370,750,108,4570,770,520,1700,206,5375,880,2130,104,320,9000,158,234,73,1640,985,1385,1455,1015,790,236,3040,1675,620,184,1425,1035,4010,230,29,
10/13/2025 16:00:00,7325,4230,3660,3900,5800,2580,1140,2110,140,1520,55,374,59,2360,750,111,4500,750,510,1695,204,5200,885,2140,105,320,8975,156,230,74,1645,985,1370,1455,1020,795,236,3020,1675,670,185,1380,1025,4000,228,31,
10/14/2025 16:00:00,7250,4090,3550,3800,5825,2560,1130,2010,140,1500,55,356,57,2350,750,107,4500,750,505,1685,204,5175,875,2130,103,320,8975,156,230,73,1645,985,1370,1455,1025,785,236,2960,1670,630,184,1365,1020,4000,228,30,
10/15/2025 16:00:00,7250,4050,3500,3770,5775,2500,1140,2060,141,1500,54,352,56,2350,755,107,4500,755,505,1765,204,5300,880,2130,102,320,8950,154,242,73,1650,980,1375,1445,1020,790,238,3080,1670,630,182,1370,1025,3990,228,29,
10/16/2025 16:00:00,7300,4090,3530,3850,5750,2520,1150,2050,141,1495,55,354,55,2350,755,106,4510,755,505,1700,202,5300,865,2150,105,324,8925,152,260,73,1645,985,1375,1445,1070,815,256,2950,1640,665,184,1375,1025,3990,230,28,
10/17/2025 16:00:00,7500,4050,3500,3800,5625,2520,1140,1950,138,1465,55,340,53,2330,755,106,4490,755,505,1670,200,5550,865,2130,108,328,8950,152,254,72,1645,985,1375,1450,1040,820,256,2880,1605,630,184,1380,1020,4000,228,28,
10/20/2025 16:00:00,7875,4300,3680,4040,5925,2640,1235,2020,143,1510,55,356,56,2360,770,113,4470,770,515,1705,200,5675,870,2130,116,336,9000,154,258,72,1630,975,1375,1465,1035,805,258,2940,1600,630,183,1375,1020,3930,230,27,
10/21/2025 16:00:00,8475,4350,3760,4050,6000,2670,1225,2020,140,1520,56,356,56,2360,770,113,4490,765,515,1700,202,5650,860,2140,109,334,8975,153,250,73,1625,980,1390,1455,1035,795,250,3280,1595,685,184,1375,1010,3990,228,27,
10/22/2025 16:00:00,8200,4330,3700,4030,6175,2620,1170,2020,140,1480,54,358,55,2370,765,119,4490,770,520,1695,202,5625,870,2140,110,324,8950,151,250,72,1625,985,1380,1460,1030,805,252,3150,1605,725,183,1355,1015,3950,226,27,
10/23/2025 16:00:00,8325,4430,3820,4240,6325,2640,1195,2080,141,1490,56,378,55,2370,770,120,4500,780,515,1705,204,5900,880,2140,108,324,8950,151,248,72,1625,995,1385,1460,1035,805,252,3360,1600,710,180,1370,1070,3990,226,28,
10/24/2025 16:00:00,8275,4550,3850,4370,6575,2610,1205,2060,140,1485,55,374,54,2380,775,116,4500,790,520,1705,202,5450,875,2140,104,324,8950,151,248,72,1610,985,1385,1475,1035,800,248,3290,1600,680,182,1360,1080,4000,224,28,
10/27/2025 16:00:00,8350,4470,3860,4370,6600,2600,1205,2160,141,1490,55,398,53,2380,780,112,4490,790,525,1700,204,5325,870,2140,106,326,8925,154,248,72,1640,980,1390,1460,1035,800,248,3330,1595,675,182,1375,1080,3940,224,27,
10/28/2025 16:00:00,8275,4510,3850,4370,6325,2560,1195,2300,140,1480,55,388,54,2420,785,113,4320,785,520,1700,202,5350,865,2150,106,330,8925,152,248,72,1625,1000,1390,1480,1040,800,250,3400,1580,675,180,1355,1070,3940,226,28,
10/29/2025 16:00:00,8600,4650,3890,4440,6475,2600,1235,2360,140,1490,56,394,55,2450,790,114,4490,800,530,1715,204,5300,870,2140,117,334,9000,156,248,81,1725,1015,1380,1480,1150,840,268,3290,1595,715,180,1360,1080,3990,224,28,
10/30/2025 16:00:00,8525,4800,3910,4410,6275,2570,1235,2250,139,1475,60,410,55,2460,805,118,4500,805,540,1735,202,5275,860,2140,116,330,9250,160,258,77,1700,1010,1375,1475,1245,855,278,3250,1590,695,181,1365,1095,3900,240,28,
10/31/2025 16:00:00,8525,4720,3980,4380,6150,2550,1225,2190,138,1495,60,388,54,2570,805,113,4480,805,545,1745,206,5250,875,2110,117,330,9050,156,250,77,1685,1000,1365,1480,1195,850,274,3210,1590,695,185,1315,1090,3910,230,28,
11/3/2025 16:00:00,8650,4760,4040,4430,6350,2530,1215,2210,138,1495,59,402,54,2550,795,115,4500,810,545,1750,204,5250,870,2110,116,324,8925,156,242,73,1680,1010,1375,1485,1145,830,274,3350,1600,715,190,1360,1075,3910,228,28,
11/4/2025 16:00:00,8650,4730,3970,4450,6300,2510,1215,2130,139,1480,57,406,56,2540,785,111,4510,810,545,1730,202,5275,870,2110,117,326,8925,159,246,76,1665,1015,1380,1485,1115,815,268,3500,1585,710,186,1320,1075,3900,236,27,
11/5/2025 16:00:00,8700,4770,3980,4460,6250,2500,1220,2110,139,1475,62,390,55,2530,780,110,4510,805,550,1745,204,5275,875,2100,113,328,9000,161,248,74,1655,1025,1380,1480,1130,825,274,3540,1595,695,188,1320,1080,3820,230,28,
11/6/2025 16:00:00,8550,4750,4000,4440,6325,2490,1225,2090,140,1480,61,394,57,2530,765,109,4500,810,545,1750,204,5275,870,2080,112,328,9000,160,248,75,1655,1025,1375,1460,1110,815,270,3480,1595,690,186,1300,1085,3900,230,30,
11/7/2025 16:00:00,8675,4750,3980,4500,6425,2510,1230,2150,141,1460,61,394,56,2530,780,109,4500,815,545,1745,206,5250,870,2100,112,328,9000,158,240,75,1655,1020,1370,1460,1095,820,262,3470,1585,695,187,1300,1095,3900,232,33,
11/10/2025 16:00:00,8575,4730,3930,4420,6425,2500,1220,2200,142,1475,67,384,56,2540,785,114,4400,810,545,1735,206,5275,875,2090,114,326,9000,159,238,74,1685,1010,1380,1470,1120,825,266,3440,1585,730,208,1300,1110,3980,232,33,
11/11/2025 16:00:00,8400,4680,3890,4420,6525,2500,1200,2090,140,1480,67,376,55,2530,765,114,4480,810,545,1740,204,5250,865,2090,112,322,8900,158,238,75,1645,1000,1365,1460,1075,795,258,3520,1555,715,199,1240,1120,4000,230,31,
11/12/2025 16:00:00,8500,4760,3900,4460,6450,2480,1210,2010,141,1475,65,380,55,2530,765,114,4490,805,540,1745,208,5125,865,2140,111,322,8875,153,234,73,1650,980,1360,1470,1075,800,256,3560,1510,715,208,1185,1115,4010,230,30,
11/13/2025 16:00:00,8375,4700,3870,4420,6375,2460,1200,2030,139,1485,64,378,57,2550,760,118,4490,805,545,1745,208,5150,860,2110,109,322,8975,151,232,74,1665,930,1350,1450,1030,785,248,3500,1505,685,204,1175,1060,3910,228,31,
11/14/2025 16:00:00,8425,4750,3900,4390,6400,2490,1195,2020,146,1470,65,372,56,2540,755,116,4490,800,545,1735,204,5150,845,2110,109,318,8750,151,232,73,1615,940,1350,1460,1075,805,260,3550,1460,650,208,1200,1080,3920,230,31,
11/17/2025 16:00:00,8575,4820,3940,4390,6450,2480,1210,2010,146,1475,62,376,56,2560,775,115,4480,800,550,1765,206,5100,850,2150,116,316,8975,152,236,74,1650,925,1370,1465,1100,805,262,3610,1505,690,228,1240,1165,4000,248,30,
11/18/2025 16:00:00,8400,4790,3970,4460,6425,2470,1210,1980,144,1470,61,372,56,2540,770,114,4480,800,550,1820,206,5025,850,2180,116,318,8825,151,234,74,1640,905,1375,1480,1095,810,260,3620,1490,695,218,1205,1150,3900,254,31,
11/19/2025 16:00:00,8475,4850,4000,4460,6400,2460,1200,1960,143,1490,60,368,55,2530,780,113,4490,805,545,1795,206,5075,865,2160,117,318,8800,150,236,76,1655,930,1360,1480,1070,815,268,3650,1490,695,218,1210,1135,3900,244,30,
11/20/2025 16:00:00,8425,4940,3990,4460,6425,2450,1200,1980,142,1485,60,380,55,2530,760,115,4490,805,545,1800,208,5000,845,2110,116,318,8925,150,240,75,1660,930,1375,1480,1090,805,262,3640,1480,675,218,1185,1115,3900,236,30,
11/21/2025 16:00:00,8400,4950,3960,4390,6425,2420,1185,1950,142,1470,64,382,55,2540,760,116,4490,800,545,1790,206,4980,865,2100,112,320,8825,148,234,75,1650,940,1360,1475,1100,795,254,3500,1470,675,216,1200,1095,4010,232,31,
11/24/2025 16:00:00,8475,5100,3980,4390,6475,2400,1210,1975,141,1480,65,384,55,2510,760,123,4490,795,550,1780,206,4970,875,2100,110,320,8800,148,232,75,1630,1040,1360,1480,1085,800,250,3700,1450,680,212,1205,1110,3950,228,31,
11/25/2025 16:00:00,8500,5025,3830,4420,6450,2390,1200,1995,143,1470,65,394,55,2520,750,121,4490,795,550,1785,206,4930,875,2110,108,322,8925,143,230,74,1625,1040,1350,1475,1085,790,252,3650,1450,650,212,1190,1130,3990,228,30,
11/26/2025 16:00:00,8425,5025,3790,4410,6600,2380,1195,2000,147,1485,65,396,56,2510,765,132,4490,800,550,1785,206,4860,865,2110,108,324,9000,142,228,75,1635,1060,1365,1480,1075,795,252,3720,1460,650,206,1250,1115,4000,228,29,
11/27/2025 16:00:00,8325,4860,3740,4350,6575,2370,1190,2090,157,1500,65,494,56,2480,755,127,4490,795,545,1775,206,4810,850,2120,115,324,9075,147,232,75,1645,1125,1365,1490,1070,800,252,3570,1505,665,208,1200,1180,4000,228,31,
11/28/2025 16:00:00,8275,4830,3680,4260,6550,2340,1195,2030,158,1500,64,434,55,2490,750,123,4490,800,545,1775,204,4790,860,2120,115,324,9000,146,232,75,1640,1200,1370,1495,1080,805,258,3510,1580,665,202,1205,1165,3950,230,30,
12/1/2025 16:00:00,8400,4860,3670,4310,6375,2380,1185,2010,155,1470,67,422,55,2500,755,120,4490,795,540,1765,206,4770,880,2130,123,332,9075,153,232,75,1645,1210,1385,1490,1140,830,278,3650,1550,645,210,1210,1185,4000,232,29,
12/2/2025 16:00:00,8375,4850,3710,4270,6625,2380,1180,2070,155,1480,65,448,55,2500,760,134,4490,800,540,1775,206,4740,905,2100,139,336,9075,183,242,78,1660,1420,1390,1500,1225,890,334,3560,1535,670,206,1230,1275,4000,240,29,
12/3/2025 16:00:00,8300,4880,3660,4260,6600,2340,1180,2100,154,1485,64,436,55,2510,765,127,4490,795,540,1775,204,4930,1130,2140,163,332,9100,246,256,83,1655,1385,1400,1500,1175,840,306,3580,1640,710,212,1230,1240,3900,246,30,
12/4/2025 16:00:00,8225,4920,3690,4310,6725,2360,1175,2070,155,1480,64,428,55,2520,760,125,4480,795,545,1780,206,4920,1410,2160,158,338,9075,306,246,81,1655,1295,1430,1500,1130,840,304,3630,1675,710,204,1240,1245,3860,246,31,
12/5/2025 16:00:00,8300,4900,3650,4290,6700,2330,1165,2070,156,1480,64,432,55,2510,755,125,4490,795,545,1775,206,4850,1710,2110,148,338,9000,264,238,81,1660,1270,1445,1495,1120,835,304,3700,1610,715,206,1260,1235,3900,246,32,
12/8/2025 16:00:00,8300,4950,3670,4310,6725,2330,1150,2100,163,1490,70,438,56,2490,755,124,4490,820,545,1770,206,4850,1515,2140,144,332,8950,252,240,79,1655,1185,1445,1505,1115,830,302,3630,1630,710,204,1245,1240,3840,240,31,
12/9/2025 16:00:00,8100,4890,3680,4320,6600,2250,1130,2050,161,1495,71,432,56,2480,755,122,4490,800,545,1760,206,4800,1350,2100,145,330,8950,224,238,78,1640,1165,1460,1505,1115,820,302,3570,1625,650,196,1245,1210,3820,242,30,
12/10/2025 16:00:00,8075,4970,3660,4310,6625,2250,1100,2080,164,1455,70,460,59,2490,755,118,4490,805,545,1750,204,4740,1290,2120,142,332,8975,216,242,80,1640,1185,1460,1510,1120,825,294,3640,1885,685,197,1195,1250,3930,240,30,
12/11/2025 16:00:00,8000,4950,3620,4230,6450,2210,1095,2050,158,1465,68,468,57,2440,715,117,4480,795,535,1735,204,4640,1295,2100,137,336,9050,226,242,80,1645,1135,1450,1520,1115,825,306,3570,1820,660,198,1165,1235,3750,240,33,
12/12/2025 16:00:00,8000,4820,3630,4240,6600,2160,1090,2000,156,1480,66,470,56,2440,715,116,4490,795,535,1740,206,4630,1320,2110,142,334,9025,216,246,79,1640,1130,1455,1575,1120,835,300,3550,1820,680,202,1210,1210,3880,248,36,
12/15/2025 16:00:00,8300,4990,3780,4440,6600,2290,1170,2220,159,1535,65,565,56,2450,720,121,4500,805,540,1755,218,4490,1295,2120,145,334,9050,234,244,80,1650,1160,1440,1585,1115,830,302,3470,1815,675,204,1220,1210,3720,248,36,
12/16/2025 16:00:00,8075,5000,3690,4400,6600,2240,1145,2140,164,1490,68,590,56,2450,710,126,4490,800,540,1750,216,4490,1285,2120,142,334,9050,220,242,78,1660,1210,1455,1595,1115,820,300,3520,1825,710,204,1215,1190,3950,244,38,
12/17/2025 16:00:00,8025,5025,3750,4370,6600,2250,1160,2030,171,1475,66,540,56,2490,710,118,4430,795,540,1750,212,4590,1245,2150,137,332,9075,216,238,77,1670,1225,1445,1585,1100,805,294,3500,1790,705,204,1210,1155,4010,240,37,
12/18/2025 16:00:00,8175,5150,3780,4380,6500,2270,1185,2000,167,1465,65,515,57,2470,710,118,4490,805,540,1760,212,5150,1150,2150,139,332,8825,206,244,77,1675,1170,1460,1580,1125,820,306,3460,1915,760,204,1250,1165,4030,242,34,
12/19/2025 16:00:00,8050,5175,3770,4340,6525,2240,1170,1960,178,1475,65,482,57,2450,700,117,4490,820,540,1755,212,5050,1115,2150,128,334,8950,206,238,77,1665,1160,1465,1575,1115,815,300,3410,1925,765,204,1265,1190,4030,238,32,
12/22/2025 16:00:00,8175,5100,3760,4330,6575,2220,1155,1965,194,1475,64,472,55,2430,710,116,4490,805,540,1755,212,5050,1200,2230,131,334,8950,197,236,77,1685,1180,1450,1585,1100,805,294,3470,2010,745,200,1270,1180,4000,232,32,
12/23/2025 16:00:00,8025,5050,3770,4290,6500,2240,1155,1965,182,1465,64,474,56,2440,705,116,4500,805,540,1745,212,5075,1180,2150,127,332,8900,196,234,77,1685,1165,1445,1580,1090,805,286,3470,1950,720,200,1255,1180,4000,230,32,
12/24/2025 16:00:00,8025,5050,3770,4270,6625,2230,1160,1980,187,1470,65,456,55,2440,705,116,4500,800,535,1740,212,5050,1025,2110,121,326,8875,171,222,73,1650,1005,1410,1515,1040,790,270,3460,1810,660,183,1220,1115,4000,212,29,
12/29/2025 16:00:00,8025,5075,3780,4260,6675,2260,1150,1965,252,1440,64,470,55,2440,705,117,4510,800,535,1745,212,5150,975,2240,127,318,8975,176,218,74,1650,1040,1415,1545,1040,785,264,3490,1730,655,193,1215,1120,4060,208,30,
12/30/2025 16:00:00,8075,5100,3660,4370,6700,2230,1175,1975,234,1490,64,480,56,2470,700,119,4490,805,540,1790,206,5025,1200,2180,128,324,8975,180,230,75,1645,1175,1440,1540,1075,800,266,3480,1765,610,193,1205,1155,4160,218,32,
1/2/2026 16:00:00,8025,5075,3640,4260,6800,2160,1160,1970,226,1485,69,480,58,2480,710,120,4490,815,545,1770,210,5250,1200,2110,126,318,8975,163,214,73,1635,1100,1430,1530,1030,780,254,3470,1600,620,175,1210,1130,4180,206,30,
1/5/2026 16:00:00,8075,5050,3630,4230,6875,2180,1160,1995,222,1490,68,515,66,2510,715,126,4500,810,550,1790,212,5175,1200,2160,130,324,8975,180,228,74,1635,1085,1465,1535,1055,795,262,3580,1620,640,183,1235,1180,4150,212,31,
1/6/2026 16:00:00,8175,4880,3680,4240,6900,2150,1170,2020,238,1500,68,500,62,2530,720,144,4600,815,550,1790,214,5125,1185,2150,127,324,8975,176,222,74,1650,1090,1485,1545,1060,800,260,3520,1695,640,185,1270,1190,4180,218,31,
1/7/2026 16:00:00,8150,4810,3700,4200,7025,2170,1165,1985,228,1490,67,500,63,2520,710,141,4710,815,555,1800,216,5175,1165,2100,129,324,8975,176,222,74,1650,1145,1515,1545,1065,815,266,3540,1695,640,187,1260,1250,4100,218,31,
1/8/2026 16:00:00,8050,4810,3710,4210,7000,2130,1160,1980,236,1500,66,488,61,2520,705,142,4790,815,555,1800,216,5175,1135,2080,125,322,8975,170,216,72,1625,1100,1540,1540,1050,805,276,3530,1620,595,185,1245,1235,4180,214,31,
1/9/2026 16:00:00,8125,4760,3680,4180,6875,2080,1160,1975,228,1480,66,482,63,2550,715,141,4770,810,560,1805,212,5100,1140,2080,128,318,9000,175,214,74,1650,1120,1580,1540,1050,795,276,3450,1645,585,181,1225,1250,4170,214,30,
1/12/2026 16:00:00,8025,4770,3700,4220,7000,2150,1160,1945,212,1475,66,472,68,2550,715,146,4570,815,555,1795,214,5100,1135,2110,129,322,9075,181,218,74,1650,1155,1565,1560,1060,795,274,3520,1695,600,184,1240,1280,4140,216,31,
1/13/2026 16:00:00,8075,4820,3720,4340,7300,2110,1165,1900,206,1495,67,470,66,2550,710,137,4670,830,555,1805,216,5175,1130,2100,129,326,9075,183,220,76,1660,1150,1540,1560,1065,810,282,3620,1730,595,187,1225,1340,4190,218,31,
1/14/2026 16:00:00,8000,4840,3720,4360,7125,2250,1200,1890,206,1495,69,474,66,2560,705,139,4600,830,565,1795,218,5075,1115,2110,128,326,9050,200,222,77,1670,1145,1545,1585,1055,810,280,3650,1730,595,190,1215,1345,4180,216,31,
1/15/2026 16:00:00,8075,4990,3820,4540,7050,2290,1220,1905,214,1495,68,500,64,2600,725,138,4650,840,580,1810,220,5150,1105,2120,126,326,9050,198,216,75,1660,1135,1540,1595,1100,815,288,3660,1765,600,191,1210,1380,4200,212,31,
1/19/2026 16:00:00,8125,5000,3840,4620,7400,2260,1220,1910,212,1490,66,505,63,2590,725,144,4700,840,575,1835,232,5150,1090,2120,128,322,9025,198,218,76,1645,1130,1550,1595,1090,805,286,3620,1770,595,190,1190,1450,4240,218,30,
1/20/2026 16:00:00,8000,5025,3850,4570,7275,2230,1220,1910,208,1500,66,488,64,2550,730,140,4700,840,570,1880,230,5125,1065,2100,125,328,9000,195,220,76,1635,1125,1535,1750,1095,805,286,3600,1840,595,185,1190,1440,4210,214,30,
1/21/2026 16:00:00,7700,4990,3820,4590,6600,2210,1215,1930,199,1490,64,472,62,2560,725,134,4690,840,570,1860,224,5050,1050,2140,126,328,9025,189,224,76,1655,1190,1530,1745,1110,810,288,3600,1840,600,184,1205,1410,5000,212,30,
1/22/2026 16:00:00,7650,4980,3810,4590,6775,2220,1230,1925,187,1475,62,462,63,2580,725,136,4690,835,570,1865,226,4970,1075,2120,125,330,8975,189,224,76,2065,1185,1545,1760,1105,825,286,3740,1860,600,185,1205,1465,4780,214,30,
1/23/2026 16:00:00,7650,4990,3850,4600,6825,2250,1230,1910,184,1455,60,440,61,2570,725,140,4650,830,570,1860,226,4910,1080,2130,123,330,8750,186,222,75,2575,1145,1550,1755,1100,820,278,3770,1770,595,184,1195,1425,4770,212,30,
1/26/2026 16:00:00,7650,4910,3850,4530,6875,2250,1230,1870,181,1420,60,428,58,2560,735,137,4630,835,565,1850,222,4860,1055,2100,125,332,8900,187,222,75,2420,1195,1555,1750,1100,815,274,3850,1815,590,186,1170,1420,4760,210,30,
1/27/2026 16:00:00,7500,4810,3820,4500,6300,2230,1245,1855,188,1420,65,428,58,2540,730,139,4630,840,560,1815,220,4510,1025,2090,121,346,8975,182,218,74,2430,1170,1550,1750,1075,810,270,3940,1790,575,184,1135,1435,4790,210,30,
1/28/2026 16:00:00,7025,4560,3590,4440,6175,2100,1195,1670,168,1330,60,400,54,2460,715,127,4600,810,550,1785,206,4290,1045,2160,121,342,8925,178,218,73,2325,1140,1535,1750,1075,805,270,3470,1820,555,185,1150,1445,4780,208,30,
1/29/2026 16:00:00,7200,4630,3780,4420,6475,2120,1180,1700,168,1275,63,392,55,2460,700,133,4600,805,545,1815,210,4250,1005,2080,115,330,8900,167,208,73,2160,1080,1495,1725,1050,775,256,3450,1845,540,179,1100,1365,4730,196,28,
1/30/2026 16:00:00,7400,4820,3810,4490,6350,2250,1230,1700,172,1475,64,392,55,2550,705,138,4750,805,555,1815,214,4000,990,2110,114,334,8850,168,210,73,2145,1065,1500,1710,1045,785,256,3600,1815,550,179,1105,1350,4730,195,29,
2/2/2026 16:00:00,7600,4800,3830,4500,6275,2250,1220,1620,164,1370,61,362,53,2510,705,136,4690,800,555,1800,208,4130,895,2000,110,324,8900,155,200,72,2000,1050,1480,1680,1015,775,250,3500,1645,530,177,1055,1255,4760,187,27,
2/3/2026 16:00:00,7650,4830,3800,4590,6800,2220,1225,1630,170,1430,62,384,54,2540,705,139,4690,810,565,1805,214,4130,910,2070,113,328,8900,162,202,73,2015,1020,1495,1705,1020,790,250,3450,1675,535,177,1085,1300,4750,190,28,
2/4/2026 16:00:00,7800,5000,3870,4630,6675,2400,1340,1630,170,1425,62,390,54,2660,700,136,4690,830,570,1890,214,4140,905,2030,109,330,8825,160,199,71,2010,1010,1495,1700,1040,780,248,3330,1620,525,175,1070,1265,4700,188,28,
2/5/2026 16:00:00,7800,5050,3850,4570,6950,2400,1320,1700,169,1440,60,384,54,2630,700,144,4690,820,570,1875,220,4100,1040,2040,103,318,8850,150,190,68,1940,1000,1490,1650,995,765,234,3290,1500,488,152,1055,1245,4700,177,27,
2/6/2026 16:00:00,7675,5050,3780,4530,6700,2380,1280,1710,159,1430,60,370,53,2620,695,143,4690,820,570,1890,218,4060,925,2050,105,326,8825,199,196,69,2025,985,1465,1690,1015,745,238,3380,1555,515,159,1080,1250,4700,183,28,
2/9/2026 16:00:00,7500,5000,3770,4520,6650,2410,1255,1670,159,1420,60,362,53,2600,690,144,4650,815,570,1895,218,4060,910,2060,107,328,8825,170,195,74,2025,1010,1480,1690,1000,745,236,3350,1555,500,157,1090,1245,4710,185,27,
2/10/2026 16:00:00,7475,5100,3780,4510,6850,2450,1295,1685,159,1415,59,378,53,2630,700,144,4690,820,570,1890,220,4040,895,2020,104,326,8725,160,195,72,2025,1015,1465,1690,1000,745,238,3400,1565,490,150,1075,1225,4750,181,26,
2/11/2026 16:00:00,7450,5025,3800,4480,6750,2400,1345,1730,164,1405,60,384,54,2640,710,141,4680,820,580,1885,222,4170,880,2000,102,324,8775,154,191,70,2000,990,1455,1670,990,745,234,3530,1555,494,137,1065,1230,4690,180,26,
2/12/2026 16:00:00,7325,5075,3790,4510,6775,2380,1360,1710,163,1385,60,376,53,2620,705,139,4690,825,580,1880,220,4130,885,2000,100,318,8975,151,190,69,2020,985,1440,1675,980,755,232,3560,1605,490,146,1035,1215,4720,176,26,
2/13/2026 16:00:00,7200,5075,3780,4480,6650,2350,1365,1670,161,1380,59,374,54,2610,705,138,4690,820,580,1875,216,4050,855,1955,103,324,8975,151,190,70,2025,985,1455,1685,985,770,236,3450,1645,488,146,1035,1230,4740,181,27,
2/18/2026 16:00:00,7275,5275,3830,4490,6700,2380,1390,1690,164,1405,60,392,54,2660,710,142,4700,820,580,1880,214,4060,890,1990,105,326,8975,157,188,71,2075,1015,1480,1680,995,760,240,3490,1700,505,147,1075,1270,4700,182,29,
2/19/2026 16:00:00,7175,5075,3770,4450,6600,2350,1365,1645,161,1390,61,388,54,2750,715,139,4690,820,575,1870,218,4020,865,1990,105,328,9075,159,189,70,2275,1020,1485,1680,995,765,242,3480,1735,520,148,1050,1290,4600,181,29,
2/20/2026 16:00:00,7225,5125,3840,4470,6550,2340,1365,1635,160,1390,61,384,54,2780,765,137,4690,830,585,1865,216,4070,895,1990,105,328,9075,157,189,69,2345,1040,1470,1680,980,760,236,3480,1705,515,150,1055,1270,4700,178,29,
2/23/2026 16:00:00,7300,5275,3900,4500,6625,2400,1380,1660,160,1405,62,390,54,2890,770,139,4700,830,590,1880,218,4090,900,1990,104,330,9200,156,185,70,2270,1020,1455,1675,960,750,234,3550,1745,510,146,1035,1220,4700,175,29,
2/24/2026 16:00:00,7225,5375,3870,4450,6550,2360,1380,1620,158,1420,61,376,53,2840,765,136,4700,830,595,1880,216,4070,895,1930,104,328,9175,155,190,68,2275,995,1465,1680,945,760,234,3580,1735,500,146,1065,1250,4620,172,29,
2/25/2026 16:00:00,7325,5300,3970,4500,6650,2390,1395,1635,160,1395,60,376,54,2830,775,137,4720,840,600,1885,220,4060,915,1960,106,330,9125,156,187,70,2125,995,1480,1690,945,760,238,3600,1765,520,149,1090,1260,4720,173,29,
2/26/2026 16:00:00,7300,5325,3950,4460,6725,2350,1405,1605,156,1380,60,366,54,2860,775,136,4710,835,590,1865,226,4050,885,1950,106,334,9125,155,188,69,2125,1000,1490,1680,940,770,236,3650,1775,510,152,1065,1280,4700,173,29,
2/27/2026 16:00:00,7175,5275,3910,4400,6675,2360,1390,1590,156,1425,61,372,54,2840,785,136,4630,830,590,1850,222,3900,865,1930,106,330,9125,154,187,69,2245,1020,1490,1690,945,760,238,3540,1705,515,158,1065,1255,4700,170,28,
3/2/2026 16:00:00,7025,5075,3820,4300,6300,2300,1315,1500,149,1365,59,340,52,2720,760,130,4680,825,575,1815,206,3890,870,1985,105,330,9100,153,186,68,2800,1020,1480,1680,935,755,232,3450,1690,515,157,1030,1235,4740,168,28,
3/3/2026 16:00:00,7075,5100,3770,4300,6275,2160,1340,1450,148,1385,58,338,52,2730,765,129,4680,825,580,1815,212,3560,900,2010,109,334,9075,159,192,70,2763,1020,1505,1690,955,765,240,3450,1760,555,157,1065,1260,4700,176,28,
3/4/2026 16:00:00,6875,4980,3690,4150,6150,2130,1255,1360,142,1355,57,314,51,2620,745,125,4650,815,560,1765,204,3690,895,1995,107,332,9200,157,191,70,2525,995,1380,1705,945,765,238,3200,1720,550,158,1065,1240,4750,172,28,
3/5/2026 16:00:00,7100,5125,3750,4280,6325,2240,1315,1415,148,1365,57,320,52,2670,760,127,4550,815,575,1770,212,3600,895,2000,108,336,9225,163,195,71,2950,1025,1365,1710,955,770,244,3260,1720,570,157,1080,1250,4730,173,28,
3/6/2026 16:00:00,7000,4980,3670,4270,6125,2230,1340,1380,143,1350,56,308,51,2630,760,123,4550,820,575,1770,206,3290,900,1995,109,336,9400,166,194,70,2900,1005,1350,1715,950,770,242,3190,1740,590,160,1075,1255,4740,171,28,
3/9/2026 16:00:00,6875,4820,3570,4290,5850,2190,1275,1330,135,1330,55,290,50,2540,725,120,4540,800,555,1735,202,3250,915,2050,110,336,9375,165,196,72,2800,1040,1360,1720,970,775,250,3100,1790,590,164,1095,1250,4700,177,28,
3/10/2026 16:00:00,6975,4910,3560,4260,6000,2210,1285,1500,137,1340,55,298,50,2570,750,124,4460,815,565,1740,204,3150,900,2050,109,338,9375,164,220,73,2780,1060,1365,1720,975,780,250,2960,1805,585,163,1095,1270,4740,178,28,
3/11/2026 16:00:00,6825,4880,3580,4290,5950,2210,1290,1535,137,1340,57,294,51,2560,745,126,4500,805,565,1765,204,3140,905,2050,111,344,9425,170,212,72,2740,1055,1355,1720,980,780,250,3000,1805,590,164,1095,1290,4500,230,28,
3/12/2026 16:00:00,6900,4960,3570,4280,5950,2210,1270,1435,137,1330,56,288,50,2530,745,129,4480,805,565,1765,202,2860,915,1985,112,346,9200,168,204,72,2730,1060,1365,1730,985,780,252,3020,1800,580,167,1095,1280,4700,204,28,
3/13/2026 16:00:00,6875,4750,3510,4240,5825,2130,1260,1435,132,1295,55,280,50,2490,725,127,4450,795,560,1755,202,2610,895,1965,110,346,9475,166,204,72,2650,1070,1350,1755,980,785,244,2970,1785,580,168,1080,1290,4740,197,28,
3/16/2026 16:00:00,6750,4700,3480,4320,5850,2110,1250,1360,130,1285,52,276,50,2480,735,121,4450,790,555,1740,200,2530,895,1960,109,342,9425,163,204,71,2630,1070,1360,1765,980,785,244,2960,1760,595,171,1075,1310,4740,195,28,
3/17/2026 16:00:00,6775,4730,3480,4390,5800,2110,1270,1385,131,1275,51,288,50,2510,720,120,4480,805,560,1785,204,2720,900,2130,112,352,9425,165,206,73,2720,1085,1410,1795,1080,815,268,3050,1775,590,173,1095,1310,4700,199,28,
3/25/2026 16:00:00,6900,4970,3540,4040,6600,2140,1285,1400,130,1285,53,298,50,2560,735,122,4490,820,565,1805,204,2540,890,2270,108,346,9425,162,206,72,2650,1075,1410,1790,1035,795,254,3300,1770,595,168,1080,1290,4620,192,28,
3/26/2026 16:00:00,6875,4840,3490,4000,6250,2110,1290,1385,130,1340,52,298,51,2560,715,120,4390,820,565,1800,204,2700,890,2110,105,342,9400,159,199,71,2570,1085,1350,1760,1010,770,246,3170,1755,540,164,1065,1265,4740,181,28,
3/27/2026 16:00:00,6700,4760,3420,3900,6125,2130,1260,1375,130,1350,51,292,52,2540,705,118,4450,820,555,1780,202,2660,880,2040,104,338,9400,161,199,70,2590,1015,1345,1765,1020,785,250,3050,1810,560,166,1005,1245,4740,184,28,
3/30/2026 16:00:00,6450,4700,3360,3850,6350,2160,1265,1350,132,1350,52,282,52,2530,700,113,4390,820,560,1765,204,2690,885,2000,106,338,9400,159,202,71,2540,1035,1330,1770,1010,780,246,3040,1835,565,163,1015,1240,4740,183,28,
3/31/2026 16:00:00,6450,4720,3330,3760,6250,2110,1255,1320,130,1335,51,282,51,2540,710,112,4300,810,570,1765,204,2920,875,1965,106,344,9475,160,202,69,2510,1045,1340,1775,1020,790,248,3060,1840,595,164,1005,1270,4740,186,27,
4/1/2026 16:00:00,6500,4720,3350,3720,6250,2130,1275,1320,131,1320,53,308,51,2570,700,112,4300,820,570,1790,204,2890,860,1955,105,336,9450,158,199,69,2210,1060,1325,1745,1020,775,242,3150,1795,570,165,1000,1265,4740,181,27,
4/2/2026 16:00:00,6575,4650,3320,3700,6075,2100,1265,1295,130,1300,53,304,52,2550,685,112,4220,825,570,1805,206,2850,870,2010,105,340,9400,159,197,70,2100,1040,1325,1730,1015,795,252,3130,1840,575,166,975,1245,4700,180,26,
4/6/2026 16:00:00,6500,4610,3310,3640,6100,2080,1255,1300,131,1300,52,308,53,2570,680,114,4280,815,570,1790,204,2830,855,2050,104,338,9400,162,198,69,2110,1060,1345,1760,1005,795,248,3160,1825,575,162,990,1270,4700,185,27,
4/7/2026 16:00:00,6500,4510,3230,3510,5900,2080,1265,1310,131,1290,51,294,51,2560,665,110,4250,825,565,1790,204,2980,865,2010,104,346,9450,162,199,69,2050,1060,1340,1750,1005,795,250,3100,1790,575,163,985,1265,4300,182,27,
4/8/2026 16:00:00,6750,4670,3340,3780,6200,2090,1295,1365,131,1330,52,332,52,2600,680,114,4350,830,580,1815,208,3100,870,2050,105,348,9450,165,199,70,2070,1020,1370,1750,1055,810,268,3160,1775,585,170,1020,1295,4590,191,27,
4/9/2026 16:00:00,6475,4570,3280,3710,6175,2130,1295,1410,130,1315,52,318,52,2620,690,113,4250,830,575,1805,204,3380,870,2100,102,348,9400,158,199,70,2050,1000,1350,1750,1055,805,272,3190,1690,560,165,1015,1260,4530,182,26,
4/10/2026 16:00:00,6700,4670,3390,3730,6300,2110,1290,1425,130,1300,52,326,52,2500,700,116,4350,835,575,1820,204,3390,850,2200,103,350,9400,158,195,70,2020,1000,1340,1740,1035,805,276,3210,1700,565,162,1000,1205,4550,182,25,
4/13/2026 16:00:00,6575,4600,3370,3680,6175,2110,1275,1425,130,1295,52,332,53,2480,710,119,4220,835,580,1820,204,3430,845,2150,103,350,9450,154,194,69,1990,1010,1335,1730,1020,790,266,3190,1710,550,160,1005,1200,4420,180,26,
4/14/2026 16:00:00,6750,4710,3460,3740,6150,2130,1345,1425,134,1290,52,336,53,2500,720,119,4210,850,585,1835,208,3390,840,2270,102,348,9450,155,194,70,1975,1015,1335,1735,1020,790,266,3120,1665,545,162,1010,1195,4420,179,25,
4/15/2026 16:00:00,6550,4650,3400,3670,6300,2090,1345,1415,142,1295,52,332,54,2480,725,119,4210,840,585,1825,208,3400,835,2310,101,342,9475,153,188,69,1870,995,1300,1720,980,780,254,3090,1680,510,160,990,1165,,173,25,
4/16/2026 16:00:00,6525,4640,3410,3700,6200,2080,1335,1450,143,1300,52,334,54,2480,905,124,4170,845,590,1825,210,3360,825,2240,100,338,9475,150,187,68,1870,995,1310,1710,955,770,254,3120,1585,488,147,980,1165,,168,25,
4/17/2026 16:00:00,6425,4620,3430,3710,6375,2080,1310,1420,144,1295,52,340,54,2560,870,125,4220,845,585,1855,212,3180,805,2300,100,340,9325,147,185,68,1845,975,1305,1715,960,775,250,3100,1590,500,144,975,1155,,169,23,
4/20/2026 16:00:00,6475,4620,3440,3670,6350,2040,1305,1370,143,1295,53,328,53,2600,830,125,4180,845,580,1865,208,3200,795,2370,98,332,9500,127,187,68,1855,980,1295,1710,945,760,236,3100,1590,490,144,955,1165,,160,22,
4/21/2026 16:00:00,6500,4700,3270,3730,6325,2000,1330,1375,143,1290,56,330,53,3080,820,124,4180,855,595,1885,210,3350,790,2380,100,336,9750,136,188,67,1865,975,1300,1710,955,765,236,3010,1645,496,138,965,1165,,160,22,
4/22/2026 16:00:00,6450,4750,3240,3830,6600,1995,1415,1390,146,1295,56,338,54,3850,815,128,4180,880,600,1900,214,3390,795,2400,99,340,9900,143,190,69,1865,985,1310,1725,955,780,240,3000,1625,492,145,975,1175,,167,22,
4/23/2026 16:00:00,6425,4630,3160,3870,6325,1955,1490,1355,143,1295,54,330,59,4290,775,127,4140,865,595,1890,212,3400,795,2350,99,342,10950,140,189,69,1815,985,1295,1730,960,780,240,2880,1645,498,142,970,1160,,164,23,
4/24/2026 16:00:00,6050,4500,3070,3770,6325,1880,1400,1300,140,1285,52,304,53,4030,825,122,4180,855,580,1865,204,3250,805,2340,99,338,,139,187,69,1800,985,1295,1735,945,765,238,2810,1560,505,142,930,1125,,165,22,
4/27/2026 16:00:00,5975,4400,3050,3720,6125,1840,1380,1290,140,1265,53,304,53,3940,780,125,4140,855,575,1860,206,3160,,,,,,,,,,,,,,,,2830,,,,,,,,,
4/28/2026 16:00:00,6000,4430,3070,3790,6025,1800,1395,1320,137,1255,53,306,52,3700,795,122,4110,865,575,1705,200,3100,,,,,,,,,,,,,,,,2820,,,,,,,,,
4/29/2026 16:00:00,5975,4430,3070,3800,6050,1790,1410,1425,138,1265,55,316,54,4250,830,122,4240,875,580,1695,202,3000,,,,,,,,,,,,,,,,2870,,,,,,,,,
4/30/2026 16:00:00,5850,4390,2990,3720,5975,1775,1355,1305,137,1280,54,306,52,4240,800,121,4450,870,580,1670,204,2890,,,,,,,,,,,,,,,,2810,,,,,,,,,
5/4/2026 16:00:00,5900,4420,3040,3840,6075,1790,1360,1250,136,1240,51,302,52,4250,780,120,4060,875,585,1655,204,3400,,,,,,,,,,,,,,,,2890,,,,,,,,,
5/5/2026 16:00:00,5950,4490,3150,3920,5875,1820,1365,1245,136,1225,50,302,52,4350,805,123,4070,880,590,1685,206,3240,,,,,,,,,,,,,,,,2880,,,,,,,,,
5/6/2026 16:00:00,5950,4510,3160,3830,5750,1815,1355,1235,136,1205,50,300,51,4080,810,123,4010,885,590,1670,206,3440,,,,,,,,,,,,,,,,2900,,,,,,,,,
5/7/2026 16:00:00,6225,4640,3310,3980,5850,1990,1420,1270,141,1160,50,322,51,4060,770,125,4040,895,595,1700,206,3420,,,,,,,,,,,,,,,,2930,,,,,,,,,
5/8/2026 16:00:00,6175,4630,3260,3860,5825,1910,1370,1245,136,1140,50,304,50,4510,790,123,4030,805,605,1690,202,3440,,,,,,,,,,,,,,,,2960,,,,,,,,,
5/11/2026 16:00:00,6150,4250,3200,3820,6050,1835,1360,1215,133,1050,50,306,51,4700,770,122,4000,800,595,1660,202,3290,,,,,,,,,,,,,,,,2960,,,,,,,,,
5/12/2026 16:00:00,6125,4240,3220,3910,5850,1855,1380,1220,134,1030,50,300,51,4390,790,120,3960,795,590,1660,202,3340,,,,,,,,,,,,,,,,2950,,,,,,,,,
5/13/2026 16:00:00,6100,4200,3120,3870,5750,1830,1340,1210,132,1030,50,298,51,4400,790,120,4000,785,585,1675,200,3180,,,,,,,,,,,,,,,,2960,,,,,,,,,
5/18/2026 16:00:00,6125,4130,3060,3800,6000,1700,1270,1170,132,1000,50,282,50,4250,810,115,3990,780,580,1690,198,3130,,,,,,,,,,,,,,,,3080,,,,,,,,,
5/19/2026 16:00:00,5950,4130,3040,3810,5950,1770,1285,1135,131,940,50,278,50,4410,780,115,4020,765,515,1655,195,3050,,,,,,,,,,,,,,,,3080,,,,,,,,,
5/20/2026 16:00:00,5975,4230,3040,3800,5975,1790,1300,1145,124,890,50,274,50,4740,745,117,4000,760,510,1645,195,2870,,,,,,,,,,,,,,,,3100,,,,,,,,,
5/21/2026 16:00:00,5950,4170,3020,3800,5600,1800,1275,1115,122,830,50,256,50,4620,710,116,3990,765,515,1655,191,3100,,,,,,,,,,,,,,,,3000,,,,,,,,,
5/22/2026 16:00:00,5900,4120,3050,3780,5400,1775,1285,1130,124,785,50,266,50,4530,715,117,3960,765,515,1645,194,3140,,,,,,,,,,,,,,,,2920,,,,,,,,,
5/25/2026 16:00:00,6100,4220,3170,3890,5600,1935,1390,1150,126,980,50,276,51,4880,720,117,3970,775,525,1635,195,3080,,,,,,,,,,,,,,,,2930,,,,,,,,,
5/26/2026 16:00:00,5975,4130,3070,3840,5125,1930,1340,1145,122,935,50,266,50,4740,705,118,3960,775,520,1610,195,3110,,,,,,,,,,,,,,,,3090,,,,,,,,,
5/29/2026 16:00:00,5700,4080,2950,3700,5000,1980,1270,1180,122,995,50,260,50,4660,690,116,4390,765,520,1615,193,,,,,,,,,,,,,,,,,3030,,,,,,,,,